"name","email","password","searchTerm","quantity","shippingAddress"
"HW5 Stress User 001","stress001@perf.local","PerfTest123!","iPhone","1","HW5 Stress address 001, Ho Chi Minh City"
"HW5 Stress User 002","stress002@perf.local","PerfTest123!","Samsung","2","HW5 Stress address 002, Ho Chi Minh City"
"HW5 Stress User 003","stress003@perf.local","PerfTest123!","MacBook","1","HW5 Stress address 003, Ho Chi Minh City"
"HW5 Stress User 004","stress004@perf.local","PerfTest123!","AirPods","2","HW5 Stress address 004, Ho Chi Minh City"
"HW5 Stress User 005","stress005@perf.local","PerfTest123!","Keychron","1","HW5 Stress address 005, Ho Chi Minh City"
"HW5 Stress User 006","stress006@perf.local","PerfTest123!","iPhone","2","HW5 Stress address 006, Ho Chi Minh City"
"HW5 Stress User 007","stress007@perf.local","PerfTest123!","Samsung","1","HW5 Stress address 007, Ho Chi Minh City"
"HW5 Stress User 008","stress008@perf.local","PerfTest123!","MacBook","2","HW5 Stress address 008, Ho Chi Minh City"
"HW5 Stress User 009","stress009@perf.local","PerfTest123!","AirPods","1","HW5 Stress address 009, Ho Chi Minh City"
"HW5 Stress User 010","stress010@perf.local","PerfTest123!","Keychron","2","HW5 Stress address 010, Ho Chi Minh City"
"HW5 Stress User 011","stress011@perf.local","PerfTest123!","iPhone","1","HW5 Stress address 011, Ho Chi Minh City"
"HW5 Stress User 012","stress012@perf.local","PerfTest123!","Samsung","2","HW5 Stress address 012, Ho Chi Minh City"
"HW5 Stress User 013","stress013@perf.local","PerfTest123!","MacBook","1","HW5 Stress address 013, Ho Chi Minh City"
"HW5 Stress User 014","stress014@perf.local","PerfTest123!","AirPods","2","HW5 Stress address 014, Ho Chi Minh City"
"HW5 Stress User 015","stress015@perf.local","PerfTest123!","Keychron","1","HW5 Stress address 015, Ho Chi Minh City"
"HW5 Stress User 016","stress016@perf.local","PerfTest123!","iPhone","2","HW5 Stress address 016, Ho Chi Minh City"
"HW5 Stress User 017","stress017@perf.local","PerfTest123!","Samsung","1","HW5 Stress address 017, Ho Chi Minh City"
"HW5 Stress User 018","stress018@perf.local","PerfTest123!","MacBook","2","HW5 Stress address 018, Ho Chi Minh City"
"HW5 Stress User 019","stress019@perf.local","PerfTest123!","AirPods","1","HW5 Stress address 019, Ho Chi Minh City"
"HW5 Stress User 020","stress020@perf.local","PerfTest123!","Keychron","2","HW5 Stress address 020, Ho Chi Minh City"
"HW5 Stress User 021","stress021@perf.local","PerfTest123!","iPhone","1","HW5 Stress address 021, Ho Chi Minh City"
"HW5 Stress User 022","stress022@perf.local","PerfTest123!","Samsung","2","HW5 Stress address 022, Ho Chi Minh City"
"HW5 Stress User 023","stress023@perf.local","PerfTest123!","MacBook","1","HW5 Stress address 023, Ho Chi Minh City"
"HW5 Stress User 024","stress024@perf.local","PerfTest123!","AirPods","2","HW5 Stress address 024, Ho Chi Minh City"
"HW5 Stress User 025","stress025@perf.local","PerfTest123!","Keychron","1","HW5 Stress address 025, Ho Chi Minh City"
"HW5 Stress User 026","stress026@perf.local","PerfTest123!","iPhone","2","HW5 Stress address 026, Ho Chi Minh City"
"HW5 Stress User 027","stress027@perf.local","PerfTest123!","Samsung","1","HW5 Stress address 027, Ho Chi Minh City"
"HW5 Stress User 028","stress028@perf.local","PerfTest123!","MacBook","2","HW5 Stress address 028, Ho Chi Minh City"
"HW5 Stress User 029","stress029@perf.local","PerfTest123!","AirPods","1","HW5 Stress address 029, Ho Chi Minh City"
"HW5 Stress User 030","stress030@perf.local","PerfTest123!","Keychron","2","HW5 Stress address 030, Ho Chi Minh City"
"HW5 Stress User 031","stress031@perf.local","PerfTest123!","iPhone","1","HW5 Stress address 031, Ho Chi Minh City"
"HW5 Stress User 032","stress032@perf.local","PerfTest123!","Samsung","2","HW5 Stress address 032, Ho Chi Minh City"
"HW5 Stress User 033","stress033@perf.local","PerfTest123!","MacBook","1","HW5 Stress address 033, Ho Chi Minh City"
"HW5 Stress User 034","stress034@perf.local","PerfTest123!","AirPods","2","HW5 Stress address 034, Ho Chi Minh City"
"HW5 Stress User 035","stress035@perf.local","PerfTest123!","Keychron","1","HW5 Stress address 035, Ho Chi Minh City"
"HW5 Stress User 036","stress036@perf.local","PerfTest123!","iPhone","2","HW5 Stress address 036, Ho Chi Minh City"
"HW5 Stress User 037","stress037@perf.local","PerfTest123!","Samsung","1","HW5 Stress address 037, Ho Chi Minh City"
"HW5 Stress User 038","stress038@perf.local","PerfTest123!","MacBook","2","HW5 Stress address 038, Ho Chi Minh City"
"HW5 Stress User 039","stress039@perf.local","PerfTest123!","AirPods","1","HW5 Stress address 039, Ho Chi Minh City"
"HW5 Stress User 040","stress040@perf.local","PerfTest123!","Keychron","2","HW5 Stress address 040, Ho Chi Minh City"
"HW5 Stress User 041","stress041@perf.local","PerfTest123!","iPhone","1","HW5 Stress address 041, Ho Chi Minh City"
"HW5 Stress User 042","stress042@perf.local","PerfTest123!","Samsung","2","HW5 Stress address 042, Ho Chi Minh City"
"HW5 Stress User 043","stress043@perf.local","PerfTest123!","MacBook","1","HW5 Stress address 043, Ho Chi Minh City"
"HW5 Stress User 044","stress044@perf.local","PerfTest123!","AirPods","2","HW5 Stress address 044, Ho Chi Minh City"
"HW5 Stress User 045","stress045@perf.local","PerfTest123!","Keychron","1","HW5 Stress address 045, Ho Chi Minh City"
"HW5 Stress User 046","stress046@perf.local","PerfTest123!","iPhone","2","HW5 Stress address 046, Ho Chi Minh City"
"HW5 Stress User 047","stress047@perf.local","PerfTest123!","Samsung","1","HW5 Stress address 047, Ho Chi Minh City"
"HW5 Stress User 048","stress048@perf.local","PerfTest123!","MacBook","2","HW5 Stress address 048, Ho Chi Minh City"
"HW5 Stress User 049","stress049@perf.local","PerfTest123!","AirPods","1","HW5 Stress address 049, Ho Chi Minh City"
"HW5 Stress User 050","stress050@perf.local","PerfTest123!","Keychron","2","HW5 Stress address 050, Ho Chi Minh City"
"HW5 Stress User 051","stress051@perf.local","PerfTest123!","iPhone","1","HW5 Stress address 051, Ho Chi Minh City"
"HW5 Stress User 052","stress052@perf.local","PerfTest123!","Samsung","2","HW5 Stress address 052, Ho Chi Minh City"
"HW5 Stress User 053","stress053@perf.local","PerfTest123!","MacBook","1","HW5 Stress address 053, Ho Chi Minh City"
"HW5 Stress User 054","stress054@perf.local","PerfTest123!","AirPods","2","HW5 Stress address 054, Ho Chi Minh City"
"HW5 Stress User 055","stress055@perf.local","PerfTest123!","Keychron","1","HW5 Stress address 055, Ho Chi Minh City"
"HW5 Stress User 056","stress056@perf.local","PerfTest123!","iPhone","2","HW5 Stress address 056, Ho Chi Minh City"
"HW5 Stress User 057","stress057@perf.local","PerfTest123!","Samsung","1","HW5 Stress address 057, Ho Chi Minh City"
"HW5 Stress User 058","stress058@perf.local","PerfTest123!","MacBook","2","HW5 Stress address 058, Ho Chi Minh City"
"HW5 Stress User 059","stress059@perf.local","PerfTest123!","AirPods","1","HW5 Stress address 059, Ho Chi Minh City"
"HW5 Stress User 060","stress060@perf.local","PerfTest123!","Keychron","2","HW5 Stress address 060, Ho Chi Minh City"
"HW5 Stress User 061","stress061@perf.local","PerfTest123!","iPhone","1","HW5 Stress address 061, Ho Chi Minh City"
"HW5 Stress User 062","stress062@perf.local","PerfTest123!","Samsung","2","HW5 Stress address 062, Ho Chi Minh City"
"HW5 Stress User 063","stress063@perf.local","PerfTest123!","MacBook","1","HW5 Stress address 063, Ho Chi Minh City"
"HW5 Stress User 064","stress064@perf.local","PerfTest123!","AirPods","2","HW5 Stress address 064, Ho Chi Minh City"
"HW5 Stress User 065","stress065@perf.local","PerfTest123!","Keychron","1","HW5 Stress address 065, Ho Chi Minh City"
"HW5 Stress User 066","stress066@perf.local","PerfTest123!","iPhone","2","HW5 Stress address 066, Ho Chi Minh City"
"HW5 Stress User 067","stress067@perf.local","PerfTest123!","Samsung","1","HW5 Stress address 067, Ho Chi Minh City"
"HW5 Stress User 068","stress068@perf.local","PerfTest123!","MacBook","2","HW5 Stress address 068, Ho Chi Minh City"
"HW5 Stress User 069","stress069@perf.local","PerfTest123!","AirPods","1","HW5 Stress address 069, Ho Chi Minh City"
"HW5 Stress User 070","stress070@perf.local","PerfTest123!","Keychron","2","HW5 Stress address 070, Ho Chi Minh City"
"HW5 Stress User 071","stress071@perf.local","PerfTest123!","iPhone","1","HW5 Stress address 071, Ho Chi Minh City"
"HW5 Stress User 072","stress072@perf.local","PerfTest123!","Samsung","2","HW5 Stress address 072, Ho Chi Minh City"
"HW5 Stress User 073","stress073@perf.local","PerfTest123!","MacBook","1","HW5 Stress address 073, Ho Chi Minh City"
"HW5 Stress User 074","stress074@perf.local","PerfTest123!","AirPods","2","HW5 Stress address 074, Ho Chi Minh City"
"HW5 Stress User 075","stress075@perf.local","PerfTest123!","Keychron","1","HW5 Stress address 075, Ho Chi Minh City"
"HW5 Stress User 076","stress076@perf.local","PerfTest123!","iPhone","2","HW5 Stress address 076, Ho Chi Minh City"
"HW5 Stress User 077","stress077@perf.local","PerfTest123!","Samsung","1","HW5 Stress address 077, Ho Chi Minh City"
"HW5 Stress User 078","stress078@perf.local","PerfTest123!","MacBook","2","HW5 Stress address 078, Ho Chi Minh City"
"HW5 Stress User 079","stress079@perf.local","PerfTest123!","AirPods","1","HW5 Stress address 079, Ho Chi Minh City"
"HW5 Stress User 080","stress080@perf.local","PerfTest123!","Keychron","2","HW5 Stress address 080, Ho Chi Minh City"
"HW5 Stress User 081","stress081@perf.local","PerfTest123!","iPhone","1","HW5 Stress address 081, Ho Chi Minh City"
"HW5 Stress User 082","stress082@perf.local","PerfTest123!","Samsung","2","HW5 Stress address 082, Ho Chi Minh City"
"HW5 Stress User 083","stress083@perf.local","PerfTest123!","MacBook","1","HW5 Stress address 083, Ho Chi Minh City"
"HW5 Stress User 084","stress084@perf.local","PerfTest123!","AirPods","2","HW5 Stress address 084, Ho Chi Minh City"
"HW5 Stress User 085","stress085@perf.local","PerfTest123!","Keychron","1","HW5 Stress address 085, Ho Chi Minh City"
"HW5 Stress User 086","stress086@perf.local","PerfTest123!","iPhone","2","HW5 Stress address 086, Ho Chi Minh City"
"HW5 Stress User 087","stress087@perf.local","PerfTest123!","Samsung","1","HW5 Stress address 087, Ho Chi Minh City"
"HW5 Stress User 088","stress088@perf.local","PerfTest123!","MacBook","2","HW5 Stress address 088, Ho Chi Minh City"
"HW5 Stress User 089","stress089@perf.local","PerfTest123!","AirPods","1","HW5 Stress address 089, Ho Chi Minh City"
"HW5 Stress User 090","stress090@perf.local","PerfTest123!","Keychron","2","HW5 Stress address 090, Ho Chi Minh City"
"HW5 Stress User 091","stress091@perf.local","PerfTest123!","iPhone","1","HW5 Stress address 091, Ho Chi Minh City"
"HW5 Stress User 092","stress092@perf.local","PerfTest123!","Samsung","2","HW5 Stress address 092, Ho Chi Minh City"
"HW5 Stress User 093","stress093@perf.local","PerfTest123!","MacBook","1","HW5 Stress address 093, Ho Chi Minh City"
"HW5 Stress User 094","stress094@perf.local","PerfTest123!","AirPods","2","HW5 Stress address 094, Ho Chi Minh City"
"HW5 Stress User 095","stress095@perf.local","PerfTest123!","Keychron","1","HW5 Stress address 095, Ho Chi Minh City"
"HW5 Stress User 096","stress096@perf.local","PerfTest123!","iPhone","2","HW5 Stress address 096, Ho Chi Minh City"
"HW5 Stress User 097","stress097@perf.local","PerfTest123!","Samsung","1","HW5 Stress address 097, Ho Chi Minh City"
"HW5 Stress User 098","stress098@perf.local","PerfTest123!","MacBook","2","HW5 Stress address 098, Ho Chi Minh City"
"HW5 Stress User 099","stress099@perf.local","PerfTest123!","AirPods","1","HW5 Stress address 099, Ho Chi Minh City"
"HW5 Stress User 100","stress100@perf.local","PerfTest123!","Keychron","2","HW5 Stress address 100, Ho Chi Minh City"
"HW5 Stress User 101","stress101@perf.local","PerfTest123!","iPhone","1","HW5 Stress address 101, Ho Chi Minh City"
"HW5 Stress User 102","stress102@perf.local","PerfTest123!","Samsung","2","HW5 Stress address 102, Ho Chi Minh City"
"HW5 Stress User 103","stress103@perf.local","PerfTest123!","MacBook","1","HW5 Stress address 103, Ho Chi Minh City"
"HW5 Stress User 104","stress104@perf.local","PerfTest123!","AirPods","2","HW5 Stress address 104, Ho Chi Minh City"
"HW5 Stress User 105","stress105@perf.local","PerfTest123!","Keychron","1","HW5 Stress address 105, Ho Chi Minh City"
"HW5 Stress User 106","stress106@perf.local","PerfTest123!","iPhone","2","HW5 Stress address 106, Ho Chi Minh City"
"HW5 Stress User 107","stress107@perf.local","PerfTest123!","Samsung","1","HW5 Stress address 107, Ho Chi Minh City"
"HW5 Stress User 108","stress108@perf.local","PerfTest123!","MacBook","2","HW5 Stress address 108, Ho Chi Minh City"
"HW5 Stress User 109","stress109@perf.local","PerfTest123!","AirPods","1","HW5 Stress address 109, Ho Chi Minh City"
"HW5 Stress User 110","stress110@perf.local","PerfTest123!","Keychron","2","HW5 Stress address 110, Ho Chi Minh City"
"HW5 Stress User 111","stress111@perf.local","PerfTest123!","iPhone","1","HW5 Stress address 111, Ho Chi Minh City"
"HW5 Stress User 112","stress112@perf.local","PerfTest123!","Samsung","2","HW5 Stress address 112, Ho Chi Minh City"
"HW5 Stress User 113","stress113@perf.local","PerfTest123!","MacBook","1","HW5 Stress address 113, Ho Chi Minh City"
"HW5 Stress User 114","stress114@perf.local","PerfTest123!","AirPods","2","HW5 Stress address 114, Ho Chi Minh City"
"HW5 Stress User 115","stress115@perf.local","PerfTest123!","Keychron","1","HW5 Stress address 115, Ho Chi Minh City"
"HW5 Stress User 116","stress116@perf.local","PerfTest123!","iPhone","2","HW5 Stress address 116, Ho Chi Minh City"
"HW5 Stress User 117","stress117@perf.local","PerfTest123!","Samsung","1","HW5 Stress address 117, Ho Chi Minh City"
"HW5 Stress User 118","stress118@perf.local","PerfTest123!","MacBook","2","HW5 Stress address 118, Ho Chi Minh City"
"HW5 Stress User 119","stress119@perf.local","PerfTest123!","AirPods","1","HW5 Stress address 119, Ho Chi Minh City"
"HW5 Stress User 120","stress120@perf.local","PerfTest123!","Keychron","2","HW5 Stress address 120, Ho Chi Minh City"
"HW5 Stress User 121","stress121@perf.local","PerfTest123!","iPhone","1","HW5 Stress address 121, Ho Chi Minh City"
"HW5 Stress User 122","stress122@perf.local","PerfTest123!","Samsung","2","HW5 Stress address 122, Ho Chi Minh City"
"HW5 Stress User 123","stress123@perf.local","PerfTest123!","MacBook","1","HW5 Stress address 123, Ho Chi Minh City"
"HW5 Stress User 124","stress124@perf.local","PerfTest123!","AirPods","2","HW5 Stress address 124, Ho Chi Minh City"
"HW5 Stress User 125","stress125@perf.local","PerfTest123!","Keychron","1","HW5 Stress address 125, Ho Chi Minh City"
"HW5 Stress User 126","stress126@perf.local","PerfTest123!","iPhone","2","HW5 Stress address 126, Ho Chi Minh City"
"HW5 Stress User 127","stress127@perf.local","PerfTest123!","Samsung","1","HW5 Stress address 127, Ho Chi Minh City"
"HW5 Stress User 128","stress128@perf.local","PerfTest123!","MacBook","2","HW5 Stress address 128, Ho Chi Minh City"
"HW5 Stress User 129","stress129@perf.local","PerfTest123!","AirPods","1","HW5 Stress address 129, Ho Chi Minh City"
"HW5 Stress User 130","stress130@perf.local","PerfTest123!","Keychron","2","HW5 Stress address 130, Ho Chi Minh City"
"HW5 Stress User 131","stress131@perf.local","PerfTest123!","iPhone","1","HW5 Stress address 131, Ho Chi Minh City"
"HW5 Stress User 132","stress132@perf.local","PerfTest123!","Samsung","2","HW5 Stress address 132, Ho Chi Minh City"
"HW5 Stress User 133","stress133@perf.local","PerfTest123!","MacBook","1","HW5 Stress address 133, Ho Chi Minh City"
"HW5 Stress User 134","stress134@perf.local","PerfTest123!","AirPods","2","HW5 Stress address 134, Ho Chi Minh City"
"HW5 Stress User 135","stress135@perf.local","PerfTest123!","Keychron","1","HW5 Stress address 135, Ho Chi Minh City"
"HW5 Stress User 136","stress136@perf.local","PerfTest123!","iPhone","2","HW5 Stress address 136, Ho Chi Minh City"
"HW5 Stress User 137","stress137@perf.local","PerfTest123!","Samsung","1","HW5 Stress address 137, Ho Chi Minh City"
"HW5 Stress User 138","stress138@perf.local","PerfTest123!","MacBook","2","HW5 Stress address 138, Ho Chi Minh City"
"HW5 Stress User 139","stress139@perf.local","PerfTest123!","AirPods","1","HW5 Stress address 139, Ho Chi Minh City"
"HW5 Stress User 140","stress140@perf.local","PerfTest123!","Keychron","2","HW5 Stress address 140, Ho Chi Minh City"
"HW5 Stress User 141","stress141@perf.local","PerfTest123!","iPhone","1","HW5 Stress address 141, Ho Chi Minh City"
"HW5 Stress User 142","stress142@perf.local","PerfTest123!","Samsung","2","HW5 Stress address 142, Ho Chi Minh City"
"HW5 Stress User 143","stress143@perf.local","PerfTest123!","MacBook","1","HW5 Stress address 143, Ho Chi Minh City"
"HW5 Stress User 144","stress144@perf.local","PerfTest123!","AirPods","2","HW5 Stress address 144, Ho Chi Minh City"
"HW5 Stress User 145","stress145@perf.local","PerfTest123!","Keychron","1","HW5 Stress address 145, Ho Chi Minh City"
"HW5 Stress User 146","stress146@perf.local","PerfTest123!","iPhone","2","HW5 Stress address 146, Ho Chi Minh City"
"HW5 Stress User 147","stress147@perf.local","PerfTest123!","Samsung","1","HW5 Stress address 147, Ho Chi Minh City"
"HW5 Stress User 148","stress148@perf.local","PerfTest123!","MacBook","2","HW5 Stress address 148, Ho Chi Minh City"
"HW5 Stress User 149","stress149@perf.local","PerfTest123!","AirPods","1","HW5 Stress address 149, Ho Chi Minh City"
"HW5 Stress User 150","stress150@perf.local","PerfTest123!","Keychron","2","HW5 Stress address 150, Ho Chi Minh City"
"HW5 Stress User 151","stress151@perf.local","PerfTest123!","iPhone","1","HW5 Stress address 151, Ho Chi Minh City"
"HW5 Stress User 152","stress152@perf.local","PerfTest123!","Samsung","2","HW5 Stress address 152, Ho Chi Minh City"
"HW5 Stress User 153","stress153@perf.local","PerfTest123!","MacBook","1","HW5 Stress address 153, Ho Chi Minh City"
"HW5 Stress User 154","stress154@perf.local","PerfTest123!","AirPods","2","HW5 Stress address 154, Ho Chi Minh City"
"HW5 Stress User 155","stress155@perf.local","PerfTest123!","Keychron","1","HW5 Stress address 155, Ho Chi Minh City"
"HW5 Stress User 156","stress156@perf.local","PerfTest123!","iPhone","2","HW5 Stress address 156, Ho Chi Minh City"
"HW5 Stress User 157","stress157@perf.local","PerfTest123!","Samsung","1","HW5 Stress address 157, Ho Chi Minh City"
"HW5 Stress User 158","stress158@perf.local","PerfTest123!","MacBook","2","HW5 Stress address 158, Ho Chi Minh City"
"HW5 Stress User 159","stress159@perf.local","PerfTest123!","AirPods","1","HW5 Stress address 159, Ho Chi Minh City"
"HW5 Stress User 160","stress160@perf.local","PerfTest123!","Keychron","2","HW5 Stress address 160, Ho Chi Minh City"
"HW5 Stress User 161","stress161@perf.local","PerfTest123!","iPhone","1","HW5 Stress address 161, Ho Chi Minh City"
"HW5 Stress User 162","stress162@perf.local","PerfTest123!","Samsung","2","HW5 Stress address 162, Ho Chi Minh City"
"HW5 Stress User 163","stress163@perf.local","PerfTest123!","MacBook","1","HW5 Stress address 163, Ho Chi Minh City"
"HW5 Stress User 164","stress164@perf.local","PerfTest123!","AirPods","2","HW5 Stress address 164, Ho Chi Minh City"
"HW5 Stress User 165","stress165@perf.local","PerfTest123!","Keychron","1","HW5 Stress address 165, Ho Chi Minh City"
"HW5 Stress User 166","stress166@perf.local","PerfTest123!","iPhone","2","HW5 Stress address 166, Ho Chi Minh City"
"HW5 Stress User 167","stress167@perf.local","PerfTest123!","Samsung","1","HW5 Stress address 167, Ho Chi Minh City"
"HW5 Stress User 168","stress168@perf.local","PerfTest123!","MacBook","2","HW5 Stress address 168, Ho Chi Minh City"
"HW5 Stress User 169","stress169@perf.local","PerfTest123!","AirPods","1","HW5 Stress address 169, Ho Chi Minh City"
"HW5 Stress User 170","stress170@perf.local","PerfTest123!","Keychron","2","HW5 Stress address 170, Ho Chi Minh City"
"HW5 Stress User 171","stress171@perf.local","PerfTest123!","iPhone","1","HW5 Stress address 171, Ho Chi Minh City"
"HW5 Stress User 172","stress172@perf.local","PerfTest123!","Samsung","2","HW5 Stress address 172, Ho Chi Minh City"
"HW5 Stress User 173","stress173@perf.local","PerfTest123!","MacBook","1","HW5 Stress address 173, Ho Chi Minh City"
"HW5 Stress User 174","stress174@perf.local","PerfTest123!","AirPods","2","HW5 Stress address 174, Ho Chi Minh City"
"HW5 Stress User 175","stress175@perf.local","PerfTest123!","Keychron","1","HW5 Stress address 175, Ho Chi Minh City"
"HW5 Stress User 176","stress176@perf.local","PerfTest123!","iPhone","2","HW5 Stress address 176, Ho Chi Minh City"
"HW5 Stress User 177","stress177@perf.local","PerfTest123!","Samsung","1","HW5 Stress address 177, Ho Chi Minh City"
"HW5 Stress User 178","stress178@perf.local","PerfTest123!","MacBook","2","HW5 Stress address 178, Ho Chi Minh City"
"HW5 Stress User 179","stress179@perf.local","PerfTest123!","AirPods","1","HW5 Stress address 179, Ho Chi Minh City"
"HW5 Stress User 180","stress180@perf.local","PerfTest123!","Keychron","2","HW5 Stress address 180, Ho Chi Minh City"
"HW5 Stress User 181","stress181@perf.local","PerfTest123!","iPhone","1","HW5 Stress address 181, Ho Chi Minh City"
"HW5 Stress User 182","stress182@perf.local","PerfTest123!","Samsung","2","HW5 Stress address 182, Ho Chi Minh City"
"HW5 Stress User 183","stress183@perf.local","PerfTest123!","MacBook","1","HW5 Stress address 183, Ho Chi Minh City"
"HW5 Stress User 184","stress184@perf.local","PerfTest123!","AirPods","2","HW5 Stress address 184, Ho Chi Minh City"
"HW5 Stress User 185","stress185@perf.local","PerfTest123!","Keychron","1","HW5 Stress address 185, Ho Chi Minh City"
"HW5 Stress User 186","stress186@perf.local","PerfTest123!","iPhone","2","HW5 Stress address 186, Ho Chi Minh City"
"HW5 Stress User 187","stress187@perf.local","PerfTest123!","Samsung","1","HW5 Stress address 187, Ho Chi Minh City"
"HW5 Stress User 188","stress188@perf.local","PerfTest123!","MacBook","2","HW5 Stress address 188, Ho Chi Minh City"
"HW5 Stress User 189","stress189@perf.local","PerfTest123!","AirPods","1","HW5 Stress address 189, Ho Chi Minh City"
"HW5 Stress User 190","stress190@perf.local","PerfTest123!","Keychron","2","HW5 Stress address 190, Ho Chi Minh City"
"HW5 Stress User 191","stress191@perf.local","PerfTest123!","iPhone","1","HW5 Stress address 191, Ho Chi Minh City"
"HW5 Stress User 192","stress192@perf.local","PerfTest123!","Samsung","2","HW5 Stress address 192, Ho Chi Minh City"
"HW5 Stress User 193","stress193@perf.local","PerfTest123!","MacBook","1","HW5 Stress address 193, Ho Chi Minh City"
"HW5 Stress User 194","stress194@perf.local","PerfTest123!","AirPods","2","HW5 Stress address 194, Ho Chi Minh City"
"HW5 Stress User 195","stress195@perf.local","PerfTest123!","Keychron","1","HW5 Stress address 195, Ho Chi Minh City"
"HW5 Stress User 196","stress196@perf.local","PerfTest123!","iPhone","2","HW5 Stress address 196, Ho Chi Minh City"
"HW5 Stress User 197","stress197@perf.local","PerfTest123!","Samsung","1","HW5 Stress address 197, Ho Chi Minh City"
"HW5 Stress User 198","stress198@perf.local","PerfTest123!","MacBook","2","HW5 Stress address 198, Ho Chi Minh City"
"HW5 Stress User 199","stress199@perf.local","PerfTest123!","AirPods","1","HW5 Stress address 199, Ho Chi Minh City"
"HW5 Stress User 200","stress200@perf.local","PerfTest123!","Keychron","2","HW5 Stress address 200, Ho Chi Minh City"
"HW5 Stress User 201","stress201@perf.local","PerfTest123!","iPhone","1","HW5 Stress address 201, Ho Chi Minh City"
"HW5 Stress User 202","stress202@perf.local","PerfTest123!","Samsung","2","HW5 Stress address 202, Ho Chi Minh City"
"HW5 Stress User 203","stress203@perf.local","PerfTest123!","MacBook","1","HW5 Stress address 203, Ho Chi Minh City"
"HW5 Stress User 204","stress204@perf.local","PerfTest123!","AirPods","2","HW5 Stress address 204, Ho Chi Minh City"
"HW5 Stress User 205","stress205@perf.local","PerfTest123!","Keychron","1","HW5 Stress address 205, Ho Chi Minh City"
"HW5 Stress User 206","stress206@perf.local","PerfTest123!","iPhone","2","HW5 Stress address 206, Ho Chi Minh City"
"HW5 Stress User 207","stress207@perf.local","PerfTest123!","Samsung","1","HW5 Stress address 207, Ho Chi Minh City"
"HW5 Stress User 208","stress208@perf.local","PerfTest123!","MacBook","2","HW5 Stress address 208, Ho Chi Minh City"
"HW5 Stress User 209","stress209@perf.local","PerfTest123!","AirPods","1","HW5 Stress address 209, Ho Chi Minh City"
"HW5 Stress User 210","stress210@perf.local","PerfTest123!","Keychron","2","HW5 Stress address 210, Ho Chi Minh City"
"HW5 Stress User 211","stress211@perf.local","PerfTest123!","iPhone","1","HW5 Stress address 211, Ho Chi Minh City"
"HW5 Stress User 212","stress212@perf.local","PerfTest123!","Samsung","2","HW5 Stress address 212, Ho Chi Minh City"
"HW5 Stress User 213","stress213@perf.local","PerfTest123!","MacBook","1","HW5 Stress address 213, Ho Chi Minh City"
"HW5 Stress User 214","stress214@perf.local","PerfTest123!","AirPods","2","HW5 Stress address 214, Ho Chi Minh City"
"HW5 Stress User 215","stress215@perf.local","PerfTest123!","Keychron","1","HW5 Stress address 215, Ho Chi Minh City"
"HW5 Stress User 216","stress216@perf.local","PerfTest123!","iPhone","2","HW5 Stress address 216, Ho Chi Minh City"
"HW5 Stress User 217","stress217@perf.local","PerfTest123!","Samsung","1","HW5 Stress address 217, Ho Chi Minh City"
"HW5 Stress User 218","stress218@perf.local","PerfTest123!","MacBook","2","HW5 Stress address 218, Ho Chi Minh City"
"HW5 Stress User 219","stress219@perf.local","PerfTest123!","AirPods","1","HW5 Stress address 219, Ho Chi Minh City"
"HW5 Stress User 220","stress220@perf.local","PerfTest123!","Keychron","2","HW5 Stress address 220, Ho Chi Minh City"
"HW5 Stress User 221","stress221@perf.local","PerfTest123!","iPhone","1","HW5 Stress address 221, Ho Chi Minh City"
"HW5 Stress User 222","stress222@perf.local","PerfTest123!","Samsung","2","HW5 Stress address 222, Ho Chi Minh City"
"HW5 Stress User 223","stress223@perf.local","PerfTest123!","MacBook","1","HW5 Stress address 223, Ho Chi Minh City"
"HW5 Stress User 224","stress224@perf.local","PerfTest123!","AirPods","2","HW5 Stress address 224, Ho Chi Minh City"
"HW5 Stress User 225","stress225@perf.local","PerfTest123!","Keychron","1","HW5 Stress address 225, Ho Chi Minh City"
"HW5 Stress User 226","stress226@perf.local","PerfTest123!","iPhone","2","HW5 Stress address 226, Ho Chi Minh City"
"HW5 Stress User 227","stress227@perf.local","PerfTest123!","Samsung","1","HW5 Stress address 227, Ho Chi Minh City"
"HW5 Stress User 228","stress228@perf.local","PerfTest123!","MacBook","2","HW5 Stress address 228, Ho Chi Minh City"
"HW5 Stress User 229","stress229@perf.local","PerfTest123!","AirPods","1","HW5 Stress address 229, Ho Chi Minh City"
"HW5 Stress User 230","stress230@perf.local","PerfTest123!","Keychron","2","HW5 Stress address 230, Ho Chi Minh City"
"HW5 Stress User 231","stress231@perf.local","PerfTest123!","iPhone","1","HW5 Stress address 231, Ho Chi Minh City"
"HW5 Stress User 232","stress232@perf.local","PerfTest123!","Samsung","2","HW5 Stress address 232, Ho Chi Minh City"
"HW5 Stress User 233","stress233@perf.local","PerfTest123!","MacBook","1","HW5 Stress address 233, Ho Chi Minh City"
"HW5 Stress User 234","stress234@perf.local","PerfTest123!","AirPods","2","HW5 Stress address 234, Ho Chi Minh City"
"HW5 Stress User 235","stress235@perf.local","PerfTest123!","Keychron","1","HW5 Stress address 235, Ho Chi Minh City"
"HW5 Stress User 236","stress236@perf.local","PerfTest123!","iPhone","2","HW5 Stress address 236, Ho Chi Minh City"
"HW5 Stress User 237","stress237@perf.local","PerfTest123!","Samsung","1","HW5 Stress address 237, Ho Chi Minh City"
"HW5 Stress User 238","stress238@perf.local","PerfTest123!","MacBook","2","HW5 Stress address 238, Ho Chi Minh City"
"HW5 Stress User 239","stress239@perf.local","PerfTest123!","AirPods","1","HW5 Stress address 239, Ho Chi Minh City"
"HW5 Stress User 240","stress240@perf.local","PerfTest123!","Keychron","2","HW5 Stress address 240, Ho Chi Minh City"
"HW5 Stress User 241","stress241@perf.local","PerfTest123!","iPhone","1","HW5 Stress address 241, Ho Chi Minh City"
"HW5 Stress User 242","stress242@perf.local","PerfTest123!","Samsung","2","HW5 Stress address 242, Ho Chi Minh City"
"HW5 Stress User 243","stress243@perf.local","PerfTest123!","MacBook","1","HW5 Stress address 243, Ho Chi Minh City"
"HW5 Stress User 244","stress244@perf.local","PerfTest123!","AirPods","2","HW5 Stress address 244, Ho Chi Minh City"
"HW5 Stress User 245","stress245@perf.local","PerfTest123!","Keychron","1","HW5 Stress address 245, Ho Chi Minh City"
"HW5 Stress User 246","stress246@perf.local","PerfTest123!","iPhone","2","HW5 Stress address 246, Ho Chi Minh City"
"HW5 Stress User 247","stress247@perf.local","PerfTest123!","Samsung","1","HW5 Stress address 247, Ho Chi Minh City"
"HW5 Stress User 248","stress248@perf.local","PerfTest123!","MacBook","2","HW5 Stress address 248, Ho Chi Minh City"
"HW5 Stress User 249","stress249@perf.local","PerfTest123!","AirPods","1","HW5 Stress address 249, Ho Chi Minh City"
"HW5 Stress User 250","stress250@perf.local","PerfTest123!","Keychron","2","HW5 Stress address 250, Ho Chi Minh City"
"HW5 Stress User 251","stress251@perf.local","PerfTest123!","iPhone","1","HW5 Stress address 251, Ho Chi Minh City"
"HW5 Stress User 252","stress252@perf.local","PerfTest123!","Samsung","2","HW5 Stress address 252, Ho Chi Minh City"
"HW5 Stress User 253","stress253@perf.local","PerfTest123!","MacBook","1","HW5 Stress address 253, Ho Chi Minh City"
"HW5 Stress User 254","stress254@perf.local","PerfTest123!","AirPods","2","HW5 Stress address 254, Ho Chi Minh City"
"HW5 Stress User 255","stress255@perf.local","PerfTest123!","Keychron","1","HW5 Stress address 255, Ho Chi Minh City"
"HW5 Stress User 256","stress256@perf.local","PerfTest123!","iPhone","2","HW5 Stress address 256, Ho Chi Minh City"
"HW5 Stress User 257","stress257@perf.local","PerfTest123!","Samsung","1","HW5 Stress address 257, Ho Chi Minh City"
"HW5 Stress User 258","stress258@perf.local","PerfTest123!","MacBook","2","HW5 Stress address 258, Ho Chi Minh City"
"HW5 Stress User 259","stress259@perf.local","PerfTest123!","AirPods","1","HW5 Stress address 259, Ho Chi Minh City"
"HW5 Stress User 260","stress260@perf.local","PerfTest123!","Keychron","2","HW5 Stress address 260, Ho Chi Minh City"
"HW5 Stress User 261","stress261@perf.local","PerfTest123!","iPhone","1","HW5 Stress address 261, Ho Chi Minh City"
"HW5 Stress User 262","stress262@perf.local","PerfTest123!","Samsung","2","HW5 Stress address 262, Ho Chi Minh City"
"HW5 Stress User 263","stress263@perf.local","PerfTest123!","MacBook","1","HW5 Stress address 263, Ho Chi Minh City"
"HW5 Stress User 264","stress264@perf.local","PerfTest123!","AirPods","2","HW5 Stress address 264, Ho Chi Minh City"
"HW5 Stress User 265","stress265@perf.local","PerfTest123!","Keychron","1","HW5 Stress address 265, Ho Chi Minh City"
"HW5 Stress User 266","stress266@perf.local","PerfTest123!","iPhone","2","HW5 Stress address 266, Ho Chi Minh City"
"HW5 Stress User 267","stress267@perf.local","PerfTest123!","Samsung","1","HW5 Stress address 267, Ho Chi Minh City"
"HW5 Stress User 268","stress268@perf.local","PerfTest123!","MacBook","2","HW5 Stress address 268, Ho Chi Minh City"
"HW5 Stress User 269","stress269@perf.local","PerfTest123!","AirPods","1","HW5 Stress address 269, Ho Chi Minh City"
"HW5 Stress User 270","stress270@perf.local","PerfTest123!","Keychron","2","HW5 Stress address 270, Ho Chi Minh City"
"HW5 Stress User 271","stress271@perf.local","PerfTest123!","iPhone","1","HW5 Stress address 271, Ho Chi Minh City"
"HW5 Stress User 272","stress272@perf.local","PerfTest123!","Samsung","2","HW5 Stress address 272, Ho Chi Minh City"
"HW5 Stress User 273","stress273@perf.local","PerfTest123!","MacBook","1","HW5 Stress address 273, Ho Chi Minh City"
"HW5 Stress User 274","stress274@perf.local","PerfTest123!","AirPods","2","HW5 Stress address 274, Ho Chi Minh City"
"HW5 Stress User 275","stress275@perf.local","PerfTest123!","Keychron","1","HW5 Stress address 275, Ho Chi Minh City"
"HW5 Stress User 276","stress276@perf.local","PerfTest123!","iPhone","2","HW5 Stress address 276, Ho Chi Minh City"
"HW5 Stress User 277","stress277@perf.local","PerfTest123!","Samsung","1","HW5 Stress address 277, Ho Chi Minh City"
"HW5 Stress User 278","stress278@perf.local","PerfTest123!","MacBook","2","HW5 Stress address 278, Ho Chi Minh City"
"HW5 Stress User 279","stress279@perf.local","PerfTest123!","AirPods","1","HW5 Stress address 279, Ho Chi Minh City"
"HW5 Stress User 280","stress280@perf.local","PerfTest123!","Keychron","2","HW5 Stress address 280, Ho Chi Minh City"
"HW5 Stress User 281","stress281@perf.local","PerfTest123!","iPhone","1","HW5 Stress address 281, Ho Chi Minh City"
"HW5 Stress User 282","stress282@perf.local","PerfTest123!","Samsung","2","HW5 Stress address 282, Ho Chi Minh City"
"HW5 Stress User 283","stress283@perf.local","PerfTest123!","MacBook","1","HW5 Stress address 283, Ho Chi Minh City"
"HW5 Stress User 284","stress284@perf.local","PerfTest123!","AirPods","2","HW5 Stress address 284, Ho Chi Minh City"
"HW5 Stress User 285","stress285@perf.local","PerfTest123!","Keychron","1","HW5 Stress address 285, Ho Chi Minh City"
"HW5 Stress User 286","stress286@perf.local","PerfTest123!","iPhone","2","HW5 Stress address 286, Ho Chi Minh City"
"HW5 Stress User 287","stress287@perf.local","PerfTest123!","Samsung","1","HW5 Stress address 287, Ho Chi Minh City"
"HW5 Stress User 288","stress288@perf.local","PerfTest123!","MacBook","2","HW5 Stress address 288, Ho Chi Minh City"
"HW5 Stress User 289","stress289@perf.local","PerfTest123!","AirPods","1","HW5 Stress address 289, Ho Chi Minh City"
"HW5 Stress User 290","stress290@perf.local","PerfTest123!","Keychron","2","HW5 Stress address 290, Ho Chi Minh City"
"HW5 Stress User 291","stress291@perf.local","PerfTest123!","iPhone","1","HW5 Stress address 291, Ho Chi Minh City"
"HW5 Stress User 292","stress292@perf.local","PerfTest123!","Samsung","2","HW5 Stress address 292, Ho Chi Minh City"
"HW5 Stress User 293","stress293@perf.local","PerfTest123!","MacBook","1","HW5 Stress address 293, Ho Chi Minh City"
"HW5 Stress User 294","stress294@perf.local","PerfTest123!","AirPods","2","HW5 Stress address 294, Ho Chi Minh City"
"HW5 Stress User 295","stress295@perf.local","PerfTest123!","Keychron","1","HW5 Stress address 295, Ho Chi Minh City"
"HW5 Stress User 296","stress296@perf.local","PerfTest123!","iPhone","2","HW5 Stress address 296, Ho Chi Minh City"
"HW5 Stress User 297","stress297@perf.local","PerfTest123!","Samsung","1","HW5 Stress address 297, Ho Chi Minh City"
"HW5 Stress User 298","stress298@perf.local","PerfTest123!","MacBook","2","HW5 Stress address 298, Ho Chi Minh City"
"HW5 Stress User 299","stress299@perf.local","PerfTest123!","AirPods","1","HW5 Stress address 299, Ho Chi Minh City"
"HW5 Stress User 300","stress300@perf.local","PerfTest123!","Keychron","2","HW5 Stress address 300, Ho Chi Minh City"
"HW5 Stress User 301","stress301@perf.local","PerfTest123!","iPhone","1","HW5 Stress address 301, Ho Chi Minh City"
"HW5 Stress User 302","stress302@perf.local","PerfTest123!","Samsung","2","HW5 Stress address 302, Ho Chi Minh City"
"HW5 Stress User 303","stress303@perf.local","PerfTest123!","MacBook","1","HW5 Stress address 303, Ho Chi Minh City"
"HW5 Stress User 304","stress304@perf.local","PerfTest123!","AirPods","2","HW5 Stress address 304, Ho Chi Minh City"
"HW5 Stress User 305","stress305@perf.local","PerfTest123!","Keychron","1","HW5 Stress address 305, Ho Chi Minh City"
"HW5 Stress User 306","stress306@perf.local","PerfTest123!","iPhone","2","HW5 Stress address 306, Ho Chi Minh City"
"HW5 Stress User 307","stress307@perf.local","PerfTest123!","Samsung","1","HW5 Stress address 307, Ho Chi Minh City"
"HW5 Stress User 308","stress308@perf.local","PerfTest123!","MacBook","2","HW5 Stress address 308, Ho Chi Minh City"
"HW5 Stress User 309","stress309@perf.local","PerfTest123!","AirPods","1","HW5 Stress address 309, Ho Chi Minh City"
"HW5 Stress User 310","stress310@perf.local","PerfTest123!","Keychron","2","HW5 Stress address 310, Ho Chi Minh City"
"HW5 Stress User 311","stress311@perf.local","PerfTest123!","iPhone","1","HW5 Stress address 311, Ho Chi Minh City"
"HW5 Stress User 312","stress312@perf.local","PerfTest123!","Samsung","2","HW5 Stress address 312, Ho Chi Minh City"
"HW5 Stress User 313","stress313@perf.local","PerfTest123!","MacBook","1","HW5 Stress address 313, Ho Chi Minh City"
"HW5 Stress User 314","stress314@perf.local","PerfTest123!","AirPods","2","HW5 Stress address 314, Ho Chi Minh City"
"HW5 Stress User 315","stress315@perf.local","PerfTest123!","Keychron","1","HW5 Stress address 315, Ho Chi Minh City"
"HW5 Stress User 316","stress316@perf.local","PerfTest123!","iPhone","2","HW5 Stress address 316, Ho Chi Minh City"
"HW5 Stress User 317","stress317@perf.local","PerfTest123!","Samsung","1","HW5 Stress address 317, Ho Chi Minh City"
"HW5 Stress User 318","stress318@perf.local","PerfTest123!","MacBook","2","HW5 Stress address 318, Ho Chi Minh City"
"HW5 Stress User 319","stress319@perf.local","PerfTest123!","AirPods","1","HW5 Stress address 319, Ho Chi Minh City"
"HW5 Stress User 320","stress320@perf.local","PerfTest123!","Keychron","2","HW5 Stress address 320, Ho Chi Minh City"
"HW5 Stress User 321","stress321@perf.local","PerfTest123!","iPhone","1","HW5 Stress address 321, Ho Chi Minh City"
"HW5 Stress User 322","stress322@perf.local","PerfTest123!","Samsung","2","HW5 Stress address 322, Ho Chi Minh City"
"HW5 Stress User 323","stress323@perf.local","PerfTest123!","MacBook","1","HW5 Stress address 323, Ho Chi Minh City"
"HW5 Stress User 324","stress324@perf.local","PerfTest123!","AirPods","2","HW5 Stress address 324, Ho Chi Minh City"
"HW5 Stress User 325","stress325@perf.local","PerfTest123!","Keychron","1","HW5 Stress address 325, Ho Chi Minh City"
"HW5 Stress User 326","stress326@perf.local","PerfTest123!","iPhone","2","HW5 Stress address 326, Ho Chi Minh City"
"HW5 Stress User 327","stress327@perf.local","PerfTest123!","Samsung","1","HW5 Stress address 327, Ho Chi Minh City"
"HW5 Stress User 328","stress328@perf.local","PerfTest123!","MacBook","2","HW5 Stress address 328, Ho Chi Minh City"
"HW5 Stress User 329","stress329@perf.local","PerfTest123!","AirPods","1","HW5 Stress address 329, Ho Chi Minh City"
"HW5 Stress User 330","stress330@perf.local","PerfTest123!","Keychron","2","HW5 Stress address 330, Ho Chi Minh City"
"HW5 Stress User 331","stress331@perf.local","PerfTest123!","iPhone","1","HW5 Stress address 331, Ho Chi Minh City"
"HW5 Stress User 332","stress332@perf.local","PerfTest123!","Samsung","2","HW5 Stress address 332, Ho Chi Minh City"
"HW5 Stress User 333","stress333@perf.local","PerfTest123!","MacBook","1","HW5 Stress address 333, Ho Chi Minh City"
"HW5 Stress User 334","stress334@perf.local","PerfTest123!","AirPods","2","HW5 Stress address 334, Ho Chi Minh City"
"HW5 Stress User 335","stress335@perf.local","PerfTest123!","Keychron","1","HW5 Stress address 335, Ho Chi Minh City"
"HW5 Stress User 336","stress336@perf.local","PerfTest123!","iPhone","2","HW5 Stress address 336, Ho Chi Minh City"
"HW5 Stress User 337","stress337@perf.local","PerfTest123!","Samsung","1","HW5 Stress address 337, Ho Chi Minh City"
"HW5 Stress User 338","stress338@perf.local","PerfTest123!","MacBook","2","HW5 Stress address 338, Ho Chi Minh City"
"HW5 Stress User 339","stress339@perf.local","PerfTest123!","AirPods","1","HW5 Stress address 339, Ho Chi Minh City"
"HW5 Stress User 340","stress340@perf.local","PerfTest123!","Keychron","2","HW5 Stress address 340, Ho Chi Minh City"
"HW5 Stress User 341","stress341@perf.local","PerfTest123!","iPhone","1","HW5 Stress address 341, Ho Chi Minh City"
"HW5 Stress User 342","stress342@perf.local","PerfTest123!","Samsung","2","HW5 Stress address 342, Ho Chi Minh City"
"HW5 Stress User 343","stress343@perf.local","PerfTest123!","MacBook","1","HW5 Stress address 343, Ho Chi Minh City"
"HW5 Stress User 344","stress344@perf.local","PerfTest123!","AirPods","2","HW5 Stress address 344, Ho Chi Minh City"
"HW5 Stress User 345","stress345@perf.local","PerfTest123!","Keychron","1","HW5 Stress address 345, Ho Chi Minh City"
"HW5 Stress User 346","stress346@perf.local","PerfTest123!","iPhone","2","HW5 Stress address 346, Ho Chi Minh City"
"HW5 Stress User 347","stress347@perf.local","PerfTest123!","Samsung","1","HW5 Stress address 347, Ho Chi Minh City"
"HW5 Stress User 348","stress348@perf.local","PerfTest123!","MacBook","2","HW5 Stress address 348, Ho Chi Minh City"
"HW5 Stress User 349","stress349@perf.local","PerfTest123!","AirPods","1","HW5 Stress address 349, Ho Chi Minh City"
"HW5 Stress User 350","stress350@perf.local","PerfTest123!","Keychron","2","HW5 Stress address 350, Ho Chi Minh City"
"HW5 Stress User 351","stress351@perf.local","PerfTest123!","iPhone","1","HW5 Stress address 351, Ho Chi Minh City"
"HW5 Stress User 352","stress352@perf.local","PerfTest123!","Samsung","2","HW5 Stress address 352, Ho Chi Minh City"
"HW5 Stress User 353","stress353@perf.local","PerfTest123!","MacBook","1","HW5 Stress address 353, Ho Chi Minh City"
"HW5 Stress User 354","stress354@perf.local","PerfTest123!","AirPods","2","HW5 Stress address 354, Ho Chi Minh City"
"HW5 Stress User 355","stress355@perf.local","PerfTest123!","Keychron","1","HW5 Stress address 355, Ho Chi Minh City"
"HW5 Stress User 356","stress356@perf.local","PerfTest123!","iPhone","2","HW5 Stress address 356, Ho Chi Minh City"
"HW5 Stress User 357","stress357@perf.local","PerfTest123!","Samsung","1","HW5 Stress address 357, Ho Chi Minh City"
"HW5 Stress User 358","stress358@perf.local","PerfTest123!","MacBook","2","HW5 Stress address 358, Ho Chi Minh City"
"HW5 Stress User 359","stress359@perf.local","PerfTest123!","AirPods","1","HW5 Stress address 359, Ho Chi Minh City"
"HW5 Stress User 360","stress360@perf.local","PerfTest123!","Keychron","2","HW5 Stress address 360, Ho Chi Minh City"
"HW5 Stress User 361","stress361@perf.local","PerfTest123!","iPhone","1","HW5 Stress address 361, Ho Chi Minh City"
"HW5 Stress User 362","stress362@perf.local","PerfTest123!","Samsung","2","HW5 Stress address 362, Ho Chi Minh City"
"HW5 Stress User 363","stress363@perf.local","PerfTest123!","MacBook","1","HW5 Stress address 363, Ho Chi Minh City"
"HW5 Stress User 364","stress364@perf.local","PerfTest123!","AirPods","2","HW5 Stress address 364, Ho Chi Minh City"
"HW5 Stress User 365","stress365@perf.local","PerfTest123!","Keychron","1","HW5 Stress address 365, Ho Chi Minh City"
"HW5 Stress User 366","stress366@perf.local","PerfTest123!","iPhone","2","HW5 Stress address 366, Ho Chi Minh City"
"HW5 Stress User 367","stress367@perf.local","PerfTest123!","Samsung","1","HW5 Stress address 367, Ho Chi Minh City"
"HW5 Stress User 368","stress368@perf.local","PerfTest123!","MacBook","2","HW5 Stress address 368, Ho Chi Minh City"
"HW5 Stress User 369","stress369@perf.local","PerfTest123!","AirPods","1","HW5 Stress address 369, Ho Chi Minh City"
"HW5 Stress User 370","stress370@perf.local","PerfTest123!","Keychron","2","HW5 Stress address 370, Ho Chi Minh City"
"HW5 Stress User 371","stress371@perf.local","PerfTest123!","iPhone","1","HW5 Stress address 371, Ho Chi Minh City"
"HW5 Stress User 372","stress372@perf.local","PerfTest123!","Samsung","2","HW5 Stress address 372, Ho Chi Minh City"
"HW5 Stress User 373","stress373@perf.local","PerfTest123!","MacBook","1","HW5 Stress address 373, Ho Chi Minh City"
"HW5 Stress User 374","stress374@perf.local","PerfTest123!","AirPods","2","HW5 Stress address 374, Ho Chi Minh City"
"HW5 Stress User 375","stress375@perf.local","PerfTest123!","Keychron","1","HW5 Stress address 375, Ho Chi Minh City"
"HW5 Stress User 376","stress376@perf.local","PerfTest123!","iPhone","2","HW5 Stress address 376, Ho Chi Minh City"
"HW5 Stress User 377","stress377@perf.local","PerfTest123!","Samsung","1","HW5 Stress address 377, Ho Chi Minh City"
"HW5 Stress User 378","stress378@perf.local","PerfTest123!","MacBook","2","HW5 Stress address 378, Ho Chi Minh City"
"HW5 Stress User 379","stress379@perf.local","PerfTest123!","AirPods","1","HW5 Stress address 379, Ho Chi Minh City"
"HW5 Stress User 380","stress380@perf.local","PerfTest123!","Keychron","2","HW5 Stress address 380, Ho Chi Minh City"
"HW5 Stress User 381","stress381@perf.local","PerfTest123!","iPhone","1","HW5 Stress address 381, Ho Chi Minh City"
"HW5 Stress User 382","stress382@perf.local","PerfTest123!","Samsung","2","HW5 Stress address 382, Ho Chi Minh City"
"HW5 Stress User 383","stress383@perf.local","PerfTest123!","MacBook","1","HW5 Stress address 383, Ho Chi Minh City"
"HW5 Stress User 384","stress384@perf.local","PerfTest123!","AirPods","2","HW5 Stress address 384, Ho Chi Minh City"
"HW5 Stress User 385","stress385@perf.local","PerfTest123!","Keychron","1","HW5 Stress address 385, Ho Chi Minh City"
"HW5 Stress User 386","stress386@perf.local","PerfTest123!","iPhone","2","HW5 Stress address 386, Ho Chi Minh City"
"HW5 Stress User 387","stress387@perf.local","PerfTest123!","Samsung","1","HW5 Stress address 387, Ho Chi Minh City"
"HW5 Stress User 388","stress388@perf.local","PerfTest123!","MacBook","2","HW5 Stress address 388, Ho Chi Minh City"
"HW5 Stress User 389","stress389@perf.local","PerfTest123!","AirPods","1","HW5 Stress address 389, Ho Chi Minh City"
"HW5 Stress User 390","stress390@perf.local","PerfTest123!","Keychron","2","HW5 Stress address 390, Ho Chi Minh City"
"HW5 Stress User 391","stress391@perf.local","PerfTest123!","iPhone","1","HW5 Stress address 391, Ho Chi Minh City"
"HW5 Stress User 392","stress392@perf.local","PerfTest123!","Samsung","2","HW5 Stress address 392, Ho Chi Minh City"
"HW5 Stress User 393","stress393@perf.local","PerfTest123!","MacBook","1","HW5 Stress address 393, Ho Chi Minh City"
"HW5 Stress User 394","stress394@perf.local","PerfTest123!","AirPods","2","HW5 Stress address 394, Ho Chi Minh City"
"HW5 Stress User 395","stress395@perf.local","PerfTest123!","Keychron","1","HW5 Stress address 395, Ho Chi Minh City"
"HW5 Stress User 396","stress396@perf.local","PerfTest123!","iPhone","2","HW5 Stress address 396, Ho Chi Minh City"
"HW5 Stress User 397","stress397@perf.local","PerfTest123!","Samsung","1","HW5 Stress address 397, Ho Chi Minh City"
"HW5 Stress User 398","stress398@perf.local","PerfTest123!","MacBook","2","HW5 Stress address 398, Ho Chi Minh City"
"HW5 Stress User 399","stress399@perf.local","PerfTest123!","AirPods","1","HW5 Stress address 399, Ho Chi Minh City"
"HW5 Stress User 400","stress400@perf.local","PerfTest123!","Keychron","2","HW5 Stress address 400, Ho Chi Minh City"
"HW5 Stress User 401","stress401@perf.local","PerfTest123!","iPhone","1","HW5 Stress address 401, Ho Chi Minh City"
"HW5 Stress User 402","stress402@perf.local","PerfTest123!","Samsung","2","HW5 Stress address 402, Ho Chi Minh City"
"HW5 Stress User 403","stress403@perf.local","PerfTest123!","MacBook","1","HW5 Stress address 403, Ho Chi Minh City"
"HW5 Stress User 404","stress404@perf.local","PerfTest123!","AirPods","2","HW5 Stress address 404, Ho Chi Minh City"
"HW5 Stress User 405","stress405@perf.local","PerfTest123!","Keychron","1","HW5 Stress address 405, Ho Chi Minh City"
"HW5 Stress User 406","stress406@perf.local","PerfTest123!","iPhone","2","HW5 Stress address 406, Ho Chi Minh City"
"HW5 Stress User 407","stress407@perf.local","PerfTest123!","Samsung","1","HW5 Stress address 407, Ho Chi Minh City"
"HW5 Stress User 408","stress408@perf.local","PerfTest123!","MacBook","2","HW5 Stress address 408, Ho Chi Minh City"
"HW5 Stress User 409","stress409@perf.local","PerfTest123!","AirPods","1","HW5 Stress address 409, Ho Chi Minh City"
"HW5 Stress User 410","stress410@perf.local","PerfTest123!","Keychron","2","HW5 Stress address 410, Ho Chi Minh City"
"HW5 Stress User 411","stress411@perf.local","PerfTest123!","iPhone","1","HW5 Stress address 411, Ho Chi Minh City"
"HW5 Stress User 412","stress412@perf.local","PerfTest123!","Samsung","2","HW5 Stress address 412, Ho Chi Minh City"
"HW5 Stress User 413","stress413@perf.local","PerfTest123!","MacBook","1","HW5 Stress address 413, Ho Chi Minh City"
"HW5 Stress User 414","stress414@perf.local","PerfTest123!","AirPods","2","HW5 Stress address 414, Ho Chi Minh City"
"HW5 Stress User 415","stress415@perf.local","PerfTest123!","Keychron","1","HW5 Stress address 415, Ho Chi Minh City"
"HW5 Stress User 416","stress416@perf.local","PerfTest123!","iPhone","2","HW5 Stress address 416, Ho Chi Minh City"
"HW5 Stress User 417","stress417@perf.local","PerfTest123!","Samsung","1","HW5 Stress address 417, Ho Chi Minh City"
"HW5 Stress User 418","stress418@perf.local","PerfTest123!","MacBook","2","HW5 Stress address 418, Ho Chi Minh City"
"HW5 Stress User 419","stress419@perf.local","PerfTest123!","AirPods","1","HW5 Stress address 419, Ho Chi Minh City"
"HW5 Stress User 420","stress420@perf.local","PerfTest123!","Keychron","2","HW5 Stress address 420, Ho Chi Minh City"
"HW5 Stress User 421","stress421@perf.local","PerfTest123!","iPhone","1","HW5 Stress address 421, Ho Chi Minh City"
"HW5 Stress User 422","stress422@perf.local","PerfTest123!","Samsung","2","HW5 Stress address 422, Ho Chi Minh City"
"HW5 Stress User 423","stress423@perf.local","PerfTest123!","MacBook","1","HW5 Stress address 423, Ho Chi Minh City"
"HW5 Stress User 424","stress424@perf.local","PerfTest123!","AirPods","2","HW5 Stress address 424, Ho Chi Minh City"
"HW5 Stress User 425","stress425@perf.local","PerfTest123!","Keychron","1","HW5 Stress address 425, Ho Chi Minh City"
"HW5 Stress User 426","stress426@perf.local","PerfTest123!","iPhone","2","HW5 Stress address 426, Ho Chi Minh City"
"HW5 Stress User 427","stress427@perf.local","PerfTest123!","Samsung","1","HW5 Stress address 427, Ho Chi Minh City"
"HW5 Stress User 428","stress428@perf.local","PerfTest123!","MacBook","2","HW5 Stress address 428, Ho Chi Minh City"
"HW5 Stress User 429","stress429@perf.local","PerfTest123!","AirPods","1","HW5 Stress address 429, Ho Chi Minh City"
"HW5 Stress User 430","stress430@perf.local","PerfTest123!","Keychron","2","HW5 Stress address 430, Ho Chi Minh City"
"HW5 Stress User 431","stress431@perf.local","PerfTest123!","iPhone","1","HW5 Stress address 431, Ho Chi Minh City"
"HW5 Stress User 432","stress432@perf.local","PerfTest123!","Samsung","2","HW5 Stress address 432, Ho Chi Minh City"
"HW5 Stress User 433","stress433@perf.local","PerfTest123!","MacBook","1","HW5 Stress address 433, Ho Chi Minh City"
"HW5 Stress User 434","stress434@perf.local","PerfTest123!","AirPods","2","HW5 Stress address 434, Ho Chi Minh City"
"HW5 Stress User 435","stress435@perf.local","PerfTest123!","Keychron","1","HW5 Stress address 435, Ho Chi Minh City"
"HW5 Stress User 436","stress436@perf.local","PerfTest123!","iPhone","2","HW5 Stress address 436, Ho Chi Minh City"
"HW5 Stress User 437","stress437@perf.local","PerfTest123!","Samsung","1","HW5 Stress address 437, Ho Chi Minh City"
"HW5 Stress User 438","stress438@perf.local","PerfTest123!","MacBook","2","HW5 Stress address 438, Ho Chi Minh City"
"HW5 Stress User 439","stress439@perf.local","PerfTest123!","AirPods","1","HW5 Stress address 439, Ho Chi Minh City"
"HW5 Stress User 440","stress440@perf.local","PerfTest123!","Keychron","2","HW5 Stress address 440, Ho Chi Minh City"
"HW5 Stress User 441","stress441@perf.local","PerfTest123!","iPhone","1","HW5 Stress address 441, Ho Chi Minh City"
"HW5 Stress User 442","stress442@perf.local","PerfTest123!","Samsung","2","HW5 Stress address 442, Ho Chi Minh City"
"HW5 Stress User 443","stress443@perf.local","PerfTest123!","MacBook","1","HW5 Stress address 443, Ho Chi Minh City"
"HW5 Stress User 444","stress444@perf.local","PerfTest123!","AirPods","2","HW5 Stress address 444, Ho Chi Minh City"
"HW5 Stress User 445","stress445@perf.local","PerfTest123!","Keychron","1","HW5 Stress address 445, Ho Chi Minh City"
"HW5 Stress User 446","stress446@perf.local","PerfTest123!","iPhone","2","HW5 Stress address 446, Ho Chi Minh City"
"HW5 Stress User 447","stress447@perf.local","PerfTest123!","Samsung","1","HW5 Stress address 447, Ho Chi Minh City"
"HW5 Stress User 448","stress448@perf.local","PerfTest123!","MacBook","2","HW5 Stress address 448, Ho Chi Minh City"
"HW5 Stress User 449","stress449@perf.local","PerfTest123!","AirPods","1","HW5 Stress address 449, Ho Chi Minh City"
"HW5 Stress User 450","stress450@perf.local","PerfTest123!","Keychron","2","HW5 Stress address 450, Ho Chi Minh City"
"HW5 Stress User 451","stress451@perf.local","PerfTest123!","iPhone","1","HW5 Stress address 451, Ho Chi Minh City"
"HW5 Stress User 452","stress452@perf.local","PerfTest123!","Samsung","2","HW5 Stress address 452, Ho Chi Minh City"
"HW5 Stress User 453","stress453@perf.local","PerfTest123!","MacBook","1","HW5 Stress address 453, Ho Chi Minh City"
"HW5 Stress User 454","stress454@perf.local","PerfTest123!","AirPods","2","HW5 Stress address 454, Ho Chi Minh City"
"HW5 Stress User 455","stress455@perf.local","PerfTest123!","Keychron","1","HW5 Stress address 455, Ho Chi Minh City"
"HW5 Stress User 456","stress456@perf.local","PerfTest123!","iPhone","2","HW5 Stress address 456, Ho Chi Minh City"
"HW5 Stress User 457","stress457@perf.local","PerfTest123!","Samsung","1","HW5 Stress address 457, Ho Chi Minh City"
"HW5 Stress User 458","stress458@perf.local","PerfTest123!","MacBook","2","HW5 Stress address 458, Ho Chi Minh City"
"HW5 Stress User 459","stress459@perf.local","PerfTest123!","AirPods","1","HW5 Stress address 459, Ho Chi Minh City"
"HW5 Stress User 460","stress460@perf.local","PerfTest123!","Keychron","2","HW5 Stress address 460, Ho Chi Minh City"
"HW5 Stress User 461","stress461@perf.local","PerfTest123!","iPhone","1","HW5 Stress address 461, Ho Chi Minh City"
"HW5 Stress User 462","stress462@perf.local","PerfTest123!","Samsung","2","HW5 Stress address 462, Ho Chi Minh City"
"HW5 Stress User 463","stress463@perf.local","PerfTest123!","MacBook","1","HW5 Stress address 463, Ho Chi Minh City"
"HW5 Stress User 464","stress464@perf.local","PerfTest123!","AirPods","2","HW5 Stress address 464, Ho Chi Minh City"
"HW5 Stress User 465","stress465@perf.local","PerfTest123!","Keychron","1","HW5 Stress address 465, Ho Chi Minh City"
"HW5 Stress User 466","stress466@perf.local","PerfTest123!","iPhone","2","HW5 Stress address 466, Ho Chi Minh City"
"HW5 Stress User 467","stress467@perf.local","PerfTest123!","Samsung","1","HW5 Stress address 467, Ho Chi Minh City"
"HW5 Stress User 468","stress468@perf.local","PerfTest123!","MacBook","2","HW5 Stress address 468, Ho Chi Minh City"
"HW5 Stress User 469","stress469@perf.local","PerfTest123!","AirPods","1","HW5 Stress address 469, Ho Chi Minh City"
"HW5 Stress User 470","stress470@perf.local","PerfTest123!","Keychron","2","HW5 Stress address 470, Ho Chi Minh City"
"HW5 Stress User 471","stress471@perf.local","PerfTest123!","iPhone","1","HW5 Stress address 471, Ho Chi Minh City"
"HW5 Stress User 472","stress472@perf.local","PerfTest123!","Samsung","2","HW5 Stress address 472, Ho Chi Minh City"
"HW5 Stress User 473","stress473@perf.local","PerfTest123!","MacBook","1","HW5 Stress address 473, Ho Chi Minh City"
"HW5 Stress User 474","stress474@perf.local","PerfTest123!","AirPods","2","HW5 Stress address 474, Ho Chi Minh City"
"HW5 Stress User 475","stress475@perf.local","PerfTest123!","Keychron","1","HW5 Stress address 475, Ho Chi Minh City"
"HW5 Stress User 476","stress476@perf.local","PerfTest123!","iPhone","2","HW5 Stress address 476, Ho Chi Minh City"
"HW5 Stress User 477","stress477@perf.local","PerfTest123!","Samsung","1","HW5 Stress address 477, Ho Chi Minh City"
"HW5 Stress User 478","stress478@perf.local","PerfTest123!","MacBook","2","HW5 Stress address 478, Ho Chi Minh City"
"HW5 Stress User 479","stress479@perf.local","PerfTest123!","AirPods","1","HW5 Stress address 479, Ho Chi Minh City"
"HW5 Stress User 480","stress480@perf.local","PerfTest123!","Keychron","2","HW5 Stress address 480, Ho Chi Minh City"
"HW5 Stress User 481","stress481@perf.local","PerfTest123!","iPhone","1","HW5 Stress address 481, Ho Chi Minh City"
"HW5 Stress User 482","stress482@perf.local","PerfTest123!","Samsung","2","HW5 Stress address 482, Ho Chi Minh City"
"HW5 Stress User 483","stress483@perf.local","PerfTest123!","MacBook","1","HW5 Stress address 483, Ho Chi Minh City"
"HW5 Stress User 484","stress484@perf.local","PerfTest123!","AirPods","2","HW5 Stress address 484, Ho Chi Minh City"
"HW5 Stress User 485","stress485@perf.local","PerfTest123!","Keychron","1","HW5 Stress address 485, Ho Chi Minh City"
"HW5 Stress User 486","stress486@perf.local","PerfTest123!","iPhone","2","HW5 Stress address 486, Ho Chi Minh City"
"HW5 Stress User 487","stress487@perf.local","PerfTest123!","Samsung","1","HW5 Stress address 487, Ho Chi Minh City"
"HW5 Stress User 488","stress488@perf.local","PerfTest123!","MacBook","2","HW5 Stress address 488, Ho Chi Minh City"
"HW5 Stress User 489","stress489@perf.local","PerfTest123!","AirPods","1","HW5 Stress address 489, Ho Chi Minh City"
"HW5 Stress User 490","stress490@perf.local","PerfTest123!","Keychron","2","HW5 Stress address 490, Ho Chi Minh City"
"HW5 Stress User 491","stress491@perf.local","PerfTest123!","iPhone","1","HW5 Stress address 491, Ho Chi Minh City"
"HW5 Stress User 492","stress492@perf.local","PerfTest123!","Samsung","2","HW5 Stress address 492, Ho Chi Minh City"
"HW5 Stress User 493","stress493@perf.local","PerfTest123!","MacBook","1","HW5 Stress address 493, Ho Chi Minh City"
"HW5 Stress User 494","stress494@perf.local","PerfTest123!","AirPods","2","HW5 Stress address 494, Ho Chi Minh City"
"HW5 Stress User 495","stress495@perf.local","PerfTest123!","Keychron","1","HW5 Stress address 495, Ho Chi Minh City"
"HW5 Stress User 496","stress496@perf.local","PerfTest123!","iPhone","2","HW5 Stress address 496, Ho Chi Minh City"
"HW5 Stress User 497","stress497@perf.local","PerfTest123!","Samsung","1","HW5 Stress address 497, Ho Chi Minh City"
"HW5 Stress User 498","stress498@perf.local","PerfTest123!","MacBook","2","HW5 Stress address 498, Ho Chi Minh City"
"HW5 Stress User 499","stress499@perf.local","PerfTest123!","AirPods","1","HW5 Stress address 499, Ho Chi Minh City"
"HW5 Stress User 500","stress500@perf.local","PerfTest123!","Keychron","2","HW5 Stress address 500, Ho Chi Minh City"
"HW5 Stress User 501","stress501@perf.local","PerfTest123!","iPhone","1","HW5 Stress address 501, Ho Chi Minh City"
"HW5 Stress User 502","stress502@perf.local","PerfTest123!","Samsung","2","HW5 Stress address 502, Ho Chi Minh City"
"HW5 Stress User 503","stress503@perf.local","PerfTest123!","MacBook","1","HW5 Stress address 503, Ho Chi Minh City"
"HW5 Stress User 504","stress504@perf.local","PerfTest123!","AirPods","2","HW5 Stress address 504, Ho Chi Minh City"
"HW5 Stress User 505","stress505@perf.local","PerfTest123!","Keychron","1","HW5 Stress address 505, Ho Chi Minh City"
"HW5 Stress User 506","stress506@perf.local","PerfTest123!","iPhone","2","HW5 Stress address 506, Ho Chi Minh City"
"HW5 Stress User 507","stress507@perf.local","PerfTest123!","Samsung","1","HW5 Stress address 507, Ho Chi Minh City"
"HW5 Stress User 508","stress508@perf.local","PerfTest123!","MacBook","2","HW5 Stress address 508, Ho Chi Minh City"
"HW5 Stress User 509","stress509@perf.local","PerfTest123!","AirPods","1","HW5 Stress address 509, Ho Chi Minh City"
"HW5 Stress User 510","stress510@perf.local","PerfTest123!","Keychron","2","HW5 Stress address 510, Ho Chi Minh City"
"HW5 Stress User 511","stress511@perf.local","PerfTest123!","iPhone","1","HW5 Stress address 511, Ho Chi Minh City"
"HW5 Stress User 512","stress512@perf.local","PerfTest123!","Samsung","2","HW5 Stress address 512, Ho Chi Minh City"
"HW5 Stress User 513","stress513@perf.local","PerfTest123!","MacBook","1","HW5 Stress address 513, Ho Chi Minh City"
"HW5 Stress User 514","stress514@perf.local","PerfTest123!","AirPods","2","HW5 Stress address 514, Ho Chi Minh City"
"HW5 Stress User 515","stress515@perf.local","PerfTest123!","Keychron","1","HW5 Stress address 515, Ho Chi Minh City"
"HW5 Stress User 516","stress516@perf.local","PerfTest123!","iPhone","2","HW5 Stress address 516, Ho Chi Minh City"
"HW5 Stress User 517","stress517@perf.local","PerfTest123!","Samsung","1","HW5 Stress address 517, Ho Chi Minh City"
"HW5 Stress User 518","stress518@perf.local","PerfTest123!","MacBook","2","HW5 Stress address 518, Ho Chi Minh City"
"HW5 Stress User 519","stress519@perf.local","PerfTest123!","AirPods","1","HW5 Stress address 519, Ho Chi Minh City"
"HW5 Stress User 520","stress520@perf.local","PerfTest123!","Keychron","2","HW5 Stress address 520, Ho Chi Minh City"
"HW5 Stress User 521","stress521@perf.local","PerfTest123!","iPhone","1","HW5 Stress address 521, Ho Chi Minh City"
"HW5 Stress User 522","stress522@perf.local","PerfTest123!","Samsung","2","HW5 Stress address 522, Ho Chi Minh City"
"HW5 Stress User 523","stress523@perf.local","PerfTest123!","MacBook","1","HW5 Stress address 523, Ho Chi Minh City"
"HW5 Stress User 524","stress524@perf.local","PerfTest123!","AirPods","2","HW5 Stress address 524, Ho Chi Minh City"
"HW5 Stress User 525","stress525@perf.local","PerfTest123!","Keychron","1","HW5 Stress address 525, Ho Chi Minh City"
"HW5 Stress User 526","stress526@perf.local","PerfTest123!","iPhone","2","HW5 Stress address 526, Ho Chi Minh City"
"HW5 Stress User 527","stress527@perf.local","PerfTest123!","Samsung","1","HW5 Stress address 527, Ho Chi Minh City"
"HW5 Stress User 528","stress528@perf.local","PerfTest123!","MacBook","2","HW5 Stress address 528, Ho Chi Minh City"
"HW5 Stress User 529","stress529@perf.local","PerfTest123!","AirPods","1","HW5 Stress address 529, Ho Chi Minh City"
"HW5 Stress User 530","stress530@perf.local","PerfTest123!","Keychron","2","HW5 Stress address 530, Ho Chi Minh City"
"HW5 Stress User 531","stress531@perf.local","PerfTest123!","iPhone","1","HW5 Stress address 531, Ho Chi Minh City"
"HW5 Stress User 532","stress532@perf.local","PerfTest123!","Samsung","2","HW5 Stress address 532, Ho Chi Minh City"
"HW5 Stress User 533","stress533@perf.local","PerfTest123!","MacBook","1","HW5 Stress address 533, Ho Chi Minh City"
"HW5 Stress User 534","stress534@perf.local","PerfTest123!","AirPods","2","HW5 Stress address 534, Ho Chi Minh City"
"HW5 Stress User 535","stress535@perf.local","PerfTest123!","Keychron","1","HW5 Stress address 535, Ho Chi Minh City"
"HW5 Stress User 536","stress536@perf.local","PerfTest123!","iPhone","2","HW5 Stress address 536, Ho Chi Minh City"
"HW5 Stress User 537","stress537@perf.local","PerfTest123!","Samsung","1","HW5 Stress address 537, Ho Chi Minh City"
"HW5 Stress User 538","stress538@perf.local","PerfTest123!","MacBook","2","HW5 Stress address 538, Ho Chi Minh City"
"HW5 Stress User 539","stress539@perf.local","PerfTest123!","AirPods","1","HW5 Stress address 539, Ho Chi Minh City"
"HW5 Stress User 540","stress540@perf.local","PerfTest123!","Keychron","2","HW5 Stress address 540, Ho Chi Minh City"
"HW5 Stress User 541","stress541@perf.local","PerfTest123!","iPhone","1","HW5 Stress address 541, Ho Chi Minh City"
"HW5 Stress User 542","stress542@perf.local","PerfTest123!","Samsung","2","HW5 Stress address 542, Ho Chi Minh City"
"HW5 Stress User 543","stress543@perf.local","PerfTest123!","MacBook","1","HW5 Stress address 543, Ho Chi Minh City"
"HW5 Stress User 544","stress544@perf.local","PerfTest123!","AirPods","2","HW5 Stress address 544, Ho Chi Minh City"
"HW5 Stress User 545","stress545@perf.local","PerfTest123!","Keychron","1","HW5 Stress address 545, Ho Chi Minh City"
"HW5 Stress User 546","stress546@perf.local","PerfTest123!","iPhone","2","HW5 Stress address 546, Ho Chi Minh City"
"HW5 Stress User 547","stress547@perf.local","PerfTest123!","Samsung","1","HW5 Stress address 547, Ho Chi Minh City"
"HW5 Stress User 548","stress548@perf.local","PerfTest123!","MacBook","2","HW5 Stress address 548, Ho Chi Minh City"
"HW5 Stress User 549","stress549@perf.local","PerfTest123!","AirPods","1","HW5 Stress address 549, Ho Chi Minh City"
"HW5 Stress User 550","stress550@perf.local","PerfTest123!","Keychron","2","HW5 Stress address 550, Ho Chi Minh City"
"HW5 Stress User 551","stress551@perf.local","PerfTest123!","iPhone","1","HW5 Stress address 551, Ho Chi Minh City"
"HW5 Stress User 552","stress552@perf.local","PerfTest123!","Samsung","2","HW5 Stress address 552, Ho Chi Minh City"
"HW5 Stress User 553","stress553@perf.local","PerfTest123!","MacBook","1","HW5 Stress address 553, Ho Chi Minh City"
"HW5 Stress User 554","stress554@perf.local","PerfTest123!","AirPods","2","HW5 Stress address 554, Ho Chi Minh City"
"HW5 Stress User 555","stress555@perf.local","PerfTest123!","Keychron","1","HW5 Stress address 555, Ho Chi Minh City"
"HW5 Stress User 556","stress556@perf.local","PerfTest123!","iPhone","2","HW5 Stress address 556, Ho Chi Minh City"
"HW5 Stress User 557","stress557@perf.local","PerfTest123!","Samsung","1","HW5 Stress address 557, Ho Chi Minh City"
"HW5 Stress User 558","stress558@perf.local","PerfTest123!","MacBook","2","HW5 Stress address 558, Ho Chi Minh City"
"HW5 Stress User 559","stress559@perf.local","PerfTest123!","AirPods","1","HW5 Stress address 559, Ho Chi Minh City"
"HW5 Stress User 560","stress560@perf.local","PerfTest123!","Keychron","2","HW5 Stress address 560, Ho Chi Minh City"
"HW5 Stress User 561","stress561@perf.local","PerfTest123!","iPhone","1","HW5 Stress address 561, Ho Chi Minh City"
"HW5 Stress User 562","stress562@perf.local","PerfTest123!","Samsung","2","HW5 Stress address 562, Ho Chi Minh City"
"HW5 Stress User 563","stress563@perf.local","PerfTest123!","MacBook","1","HW5 Stress address 563, Ho Chi Minh City"
"HW5 Stress User 564","stress564@perf.local","PerfTest123!","AirPods","2","HW5 Stress address 564, Ho Chi Minh City"
"HW5 Stress User 565","stress565@perf.local","PerfTest123!","Keychron","1","HW5 Stress address 565, Ho Chi Minh City"
"HW5 Stress User 566","stress566@perf.local","PerfTest123!","iPhone","2","HW5 Stress address 566, Ho Chi Minh City"
"HW5 Stress User 567","stress567@perf.local","PerfTest123!","Samsung","1","HW5 Stress address 567, Ho Chi Minh City"
"HW5 Stress User 568","stress568@perf.local","PerfTest123!","MacBook","2","HW5 Stress address 568, Ho Chi Minh City"
"HW5 Stress User 569","stress569@perf.local","PerfTest123!","AirPods","1","HW5 Stress address 569, Ho Chi Minh City"
"HW5 Stress User 570","stress570@perf.local","PerfTest123!","Keychron","2","HW5 Stress address 570, Ho Chi Minh City"
"HW5 Stress User 571","stress571@perf.local","PerfTest123!","iPhone","1","HW5 Stress address 571, Ho Chi Minh City"
"HW5 Stress User 572","stress572@perf.local","PerfTest123!","Samsung","2","HW5 Stress address 572, Ho Chi Minh City"
"HW5 Stress User 573","stress573@perf.local","PerfTest123!","MacBook","1","HW5 Stress address 573, Ho Chi Minh City"
"HW5 Stress User 574","stress574@perf.local","PerfTest123!","AirPods","2","HW5 Stress address 574, Ho Chi Minh City"
"HW5 Stress User 575","stress575@perf.local","PerfTest123!","Keychron","1","HW5 Stress address 575, Ho Chi Minh City"
"HW5 Stress User 576","stress576@perf.local","PerfTest123!","iPhone","2","HW5 Stress address 576, Ho Chi Minh City"
"HW5 Stress User 577","stress577@perf.local","PerfTest123!","Samsung","1","HW5 Stress address 577, Ho Chi Minh City"
"HW5 Stress User 578","stress578@perf.local","PerfTest123!","MacBook","2","HW5 Stress address 578, Ho Chi Minh City"
"HW5 Stress User 579","stress579@perf.local","PerfTest123!","AirPods","1","HW5 Stress address 579, Ho Chi Minh City"
"HW5 Stress User 580","stress580@perf.local","PerfTest123!","Keychron","2","HW5 Stress address 580, Ho Chi Minh City"
"HW5 Stress User 581","stress581@perf.local","PerfTest123!","iPhone","1","HW5 Stress address 581, Ho Chi Minh City"
"HW5 Stress User 582","stress582@perf.local","PerfTest123!","Samsung","2","HW5 Stress address 582, Ho Chi Minh City"
"HW5 Stress User 583","stress583@perf.local","PerfTest123!","MacBook","1","HW5 Stress address 583, Ho Chi Minh City"
"HW5 Stress User 584","stress584@perf.local","PerfTest123!","AirPods","2","HW5 Stress address 584, Ho Chi Minh City"
"HW5 Stress User 585","stress585@perf.local","PerfTest123!","Keychron","1","HW5 Stress address 585, Ho Chi Minh City"
"HW5 Stress User 586","stress586@perf.local","PerfTest123!","iPhone","2","HW5 Stress address 586, Ho Chi Minh City"
"HW5 Stress User 587","stress587@perf.local","PerfTest123!","Samsung","1","HW5 Stress address 587, Ho Chi Minh City"
"HW5 Stress User 588","stress588@perf.local","PerfTest123!","MacBook","2","HW5 Stress address 588, Ho Chi Minh City"
"HW5 Stress User 589","stress589@perf.local","PerfTest123!","AirPods","1","HW5 Stress address 589, Ho Chi Minh City"
"HW5 Stress User 590","stress590@perf.local","PerfTest123!","Keychron","2","HW5 Stress address 590, Ho Chi Minh City"
"HW5 Stress User 591","stress591@perf.local","PerfTest123!","iPhone","1","HW5 Stress address 591, Ho Chi Minh City"
"HW5 Stress User 592","stress592@perf.local","PerfTest123!","Samsung","2","HW5 Stress address 592, Ho Chi Minh City"
"HW5 Stress User 593","stress593@perf.local","PerfTest123!","MacBook","1","HW5 Stress address 593, Ho Chi Minh City"
"HW5 Stress User 594","stress594@perf.local","PerfTest123!","AirPods","2","HW5 Stress address 594, Ho Chi Minh City"
"HW5 Stress User 595","stress595@perf.local","PerfTest123!","Keychron","1","HW5 Stress address 595, Ho Chi Minh City"
"HW5 Stress User 596","stress596@perf.local","PerfTest123!","iPhone","2","HW5 Stress address 596, Ho Chi Minh City"
"HW5 Stress User 597","stress597@perf.local","PerfTest123!","Samsung","1","HW5 Stress address 597, Ho Chi Minh City"
"HW5 Stress User 598","stress598@perf.local","PerfTest123!","MacBook","2","HW5 Stress address 598, Ho Chi Minh City"
"HW5 Stress User 599","stress599@perf.local","PerfTest123!","AirPods","1","HW5 Stress address 599, Ho Chi Minh City"
"HW5 Stress User 600","stress600@perf.local","PerfTest123!","Keychron","2","HW5 Stress address 600, Ho Chi Minh City"
"HW5 Stress User 601","stress601@perf.local","PerfTest123!","iPhone","1","HW5 Stress address 601, Ho Chi Minh City"
"HW5 Stress User 602","stress602@perf.local","PerfTest123!","Samsung","2","HW5 Stress address 602, Ho Chi Minh City"
"HW5 Stress User 603","stress603@perf.local","PerfTest123!","MacBook","1","HW5 Stress address 603, Ho Chi Minh City"
"HW5 Stress User 604","stress604@perf.local","PerfTest123!","AirPods","2","HW5 Stress address 604, Ho Chi Minh City"
"HW5 Stress User 605","stress605@perf.local","PerfTest123!","Keychron","1","HW5 Stress address 605, Ho Chi Minh City"
"HW5 Stress User 606","stress606@perf.local","PerfTest123!","iPhone","2","HW5 Stress address 606, Ho Chi Minh City"
"HW5 Stress User 607","stress607@perf.local","PerfTest123!","Samsung","1","HW5 Stress address 607, Ho Chi Minh City"
"HW5 Stress User 608","stress608@perf.local","PerfTest123!","MacBook","2","HW5 Stress address 608, Ho Chi Minh City"
"HW5 Stress User 609","stress609@perf.local","PerfTest123!","AirPods","1","HW5 Stress address 609, Ho Chi Minh City"
"HW5 Stress User 610","stress610@perf.local","PerfTest123!","Keychron","2","HW5 Stress address 610, Ho Chi Minh City"
"HW5 Stress User 611","stress611@perf.local","PerfTest123!","iPhone","1","HW5 Stress address 611, Ho Chi Minh City"
"HW5 Stress User 612","stress612@perf.local","PerfTest123!","Samsung","2","HW5 Stress address 612, Ho Chi Minh City"
"HW5 Stress User 613","stress613@perf.local","PerfTest123!","MacBook","1","HW5 Stress address 613, Ho Chi Minh City"
"HW5 Stress User 614","stress614@perf.local","PerfTest123!","AirPods","2","HW5 Stress address 614, Ho Chi Minh City"
"HW5 Stress User 615","stress615@perf.local","PerfTest123!","Keychron","1","HW5 Stress address 615, Ho Chi Minh City"
"HW5 Stress User 616","stress616@perf.local","PerfTest123!","iPhone","2","HW5 Stress address 616, Ho Chi Minh City"
"HW5 Stress User 617","stress617@perf.local","PerfTest123!","Samsung","1","HW5 Stress address 617, Ho Chi Minh City"
"HW5 Stress User 618","stress618@perf.local","PerfTest123!","MacBook","2","HW5 Stress address 618, Ho Chi Minh City"
"HW5 Stress User 619","stress619@perf.local","PerfTest123!","AirPods","1","HW5 Stress address 619, Ho Chi Minh City"
"HW5 Stress User 620","stress620@perf.local","PerfTest123!","Keychron","2","HW5 Stress address 620, Ho Chi Minh City"
"HW5 Stress User 621","stress621@perf.local","PerfTest123!","iPhone","1","HW5 Stress address 621, Ho Chi Minh City"
"HW5 Stress User 622","stress622@perf.local","PerfTest123!","Samsung","2","HW5 Stress address 622, Ho Chi Minh City"
"HW5 Stress User 623","stress623@perf.local","PerfTest123!","MacBook","1","HW5 Stress address 623, Ho Chi Minh City"
"HW5 Stress User 624","stress624@perf.local","PerfTest123!","AirPods","2","HW5 Stress address 624, Ho Chi Minh City"
"HW5 Stress User 625","stress625@perf.local","PerfTest123!","Keychron","1","HW5 Stress address 625, Ho Chi Minh City"
"HW5 Stress User 626","stress626@perf.local","PerfTest123!","iPhone","2","HW5 Stress address 626, Ho Chi Minh City"
"HW5 Stress User 627","stress627@perf.local","PerfTest123!","Samsung","1","HW5 Stress address 627, Ho Chi Minh City"
"HW5 Stress User 628","stress628@perf.local","PerfTest123!","MacBook","2","HW5 Stress address 628, Ho Chi Minh City"
"HW5 Stress User 629","stress629@perf.local","PerfTest123!","AirPods","1","HW5 Stress address 629, Ho Chi Minh City"
"HW5 Stress User 630","stress630@perf.local","PerfTest123!","Keychron","2","HW5 Stress address 630, Ho Chi Minh City"
"HW5 Stress User 631","stress631@perf.local","PerfTest123!","iPhone","1","HW5 Stress address 631, Ho Chi Minh City"
"HW5 Stress User 632","stress632@perf.local","PerfTest123!","Samsung","2","HW5 Stress address 632, Ho Chi Minh City"
"HW5 Stress User 633","stress633@perf.local","PerfTest123!","MacBook","1","HW5 Stress address 633, Ho Chi Minh City"
"HW5 Stress User 634","stress634@perf.local","PerfTest123!","AirPods","2","HW5 Stress address 634, Ho Chi Minh City"
"HW5 Stress User 635","stress635@perf.local","PerfTest123!","Keychron","1","HW5 Stress address 635, Ho Chi Minh City"
"HW5 Stress User 636","stress636@perf.local","PerfTest123!","iPhone","2","HW5 Stress address 636, Ho Chi Minh City"
"HW5 Stress User 637","stress637@perf.local","PerfTest123!","Samsung","1","HW5 Stress address 637, Ho Chi Minh City"
"HW5 Stress User 638","stress638@perf.local","PerfTest123!","MacBook","2","HW5 Stress address 638, Ho Chi Minh City"
"HW5 Stress User 639","stress639@perf.local","PerfTest123!","AirPods","1","HW5 Stress address 639, Ho Chi Minh City"
"HW5 Stress User 640","stress640@perf.local","PerfTest123!","Keychron","2","HW5 Stress address 640, Ho Chi Minh City"
"HW5 Stress User 641","stress641@perf.local","PerfTest123!","iPhone","1","HW5 Stress address 641, Ho Chi Minh City"
"HW5 Stress User 642","stress642@perf.local","PerfTest123!","Samsung","2","HW5 Stress address 642, Ho Chi Minh City"
"HW5 Stress User 643","stress643@perf.local","PerfTest123!","MacBook","1","HW5 Stress address 643, Ho Chi Minh City"
"HW5 Stress User 644","stress644@perf.local","PerfTest123!","AirPods","2","HW5 Stress address 644, Ho Chi Minh City"
"HW5 Stress User 645","stress645@perf.local","PerfTest123!","Keychron","1","HW5 Stress address 645, Ho Chi Minh City"
"HW5 Stress User 646","stress646@perf.local","PerfTest123!","iPhone","2","HW5 Stress address 646, Ho Chi Minh City"
"HW5 Stress User 647","stress647@perf.local","PerfTest123!","Samsung","1","HW5 Stress address 647, Ho Chi Minh City"
"HW5 Stress User 648","stress648@perf.local","PerfTest123!","MacBook","2","HW5 Stress address 648, Ho Chi Minh City"
"HW5 Stress User 649","stress649@perf.local","PerfTest123!","AirPods","1","HW5 Stress address 649, Ho Chi Minh City"
"HW5 Stress User 650","stress650@perf.local","PerfTest123!","Keychron","2","HW5 Stress address 650, Ho Chi Minh City"
"HW5 Stress User 651","stress651@perf.local","PerfTest123!","iPhone","1","HW5 Stress address 651, Ho Chi Minh City"
"HW5 Stress User 652","stress652@perf.local","PerfTest123!","Samsung","2","HW5 Stress address 652, Ho Chi Minh City"
"HW5 Stress User 653","stress653@perf.local","PerfTest123!","MacBook","1","HW5 Stress address 653, Ho Chi Minh City"
"HW5 Stress User 654","stress654@perf.local","PerfTest123!","AirPods","2","HW5 Stress address 654, Ho Chi Minh City"
"HW5 Stress User 655","stress655@perf.local","PerfTest123!","Keychron","1","HW5 Stress address 655, Ho Chi Minh City"
"HW5 Stress User 656","stress656@perf.local","PerfTest123!","iPhone","2","HW5 Stress address 656, Ho Chi Minh City"
"HW5 Stress User 657","stress657@perf.local","PerfTest123!","Samsung","1","HW5 Stress address 657, Ho Chi Minh City"
"HW5 Stress User 658","stress658@perf.local","PerfTest123!","MacBook","2","HW5 Stress address 658, Ho Chi Minh City"
"HW5 Stress User 659","stress659@perf.local","PerfTest123!","AirPods","1","HW5 Stress address 659, Ho Chi Minh City"
"HW5 Stress User 660","stress660@perf.local","PerfTest123!","Keychron","2","HW5 Stress address 660, Ho Chi Minh City"
"HW5 Stress User 661","stress661@perf.local","PerfTest123!","iPhone","1","HW5 Stress address 661, Ho Chi Minh City"
"HW5 Stress User 662","stress662@perf.local","PerfTest123!","Samsung","2","HW5 Stress address 662, Ho Chi Minh City"
"HW5 Stress User 663","stress663@perf.local","PerfTest123!","MacBook","1","HW5 Stress address 663, Ho Chi Minh City"
"HW5 Stress User 664","stress664@perf.local","PerfTest123!","AirPods","2","HW5 Stress address 664, Ho Chi Minh City"
"HW5 Stress User 665","stress665@perf.local","PerfTest123!","Keychron","1","HW5 Stress address 665, Ho Chi Minh City"
"HW5 Stress User 666","stress666@perf.local","PerfTest123!","iPhone","2","HW5 Stress address 666, Ho Chi Minh City"
"HW5 Stress User 667","stress667@perf.local","PerfTest123!","Samsung","1","HW5 Stress address 667, Ho Chi Minh City"
"HW5 Stress User 668","stress668@perf.local","PerfTest123!","MacBook","2","HW5 Stress address 668, Ho Chi Minh City"
"HW5 Stress User 669","stress669@perf.local","PerfTest123!","AirPods","1","HW5 Stress address 669, Ho Chi Minh City"
"HW5 Stress User 670","stress670@perf.local","PerfTest123!","Keychron","2","HW5 Stress address 670, Ho Chi Minh City"
"HW5 Stress User 671","stress671@perf.local","PerfTest123!","iPhone","1","HW5 Stress address 671, Ho Chi Minh City"
"HW5 Stress User 672","stress672@perf.local","PerfTest123!","Samsung","2","HW5 Stress address 672, Ho Chi Minh City"
"HW5 Stress User 673","stress673@perf.local","PerfTest123!","MacBook","1","HW5 Stress address 673, Ho Chi Minh City"
"HW5 Stress User 674","stress674@perf.local","PerfTest123!","AirPods","2","HW5 Stress address 674, Ho Chi Minh City"
"HW5 Stress User 675","stress675@perf.local","PerfTest123!","Keychron","1","HW5 Stress address 675, Ho Chi Minh City"
"HW5 Stress User 676","stress676@perf.local","PerfTest123!","iPhone","2","HW5 Stress address 676, Ho Chi Minh City"
"HW5 Stress User 677","stress677@perf.local","PerfTest123!","Samsung","1","HW5 Stress address 677, Ho Chi Minh City"
"HW5 Stress User 678","stress678@perf.local","PerfTest123!","MacBook","2","HW5 Stress address 678, Ho Chi Minh City"
"HW5 Stress User 679","stress679@perf.local","PerfTest123!","AirPods","1","HW5 Stress address 679, Ho Chi Minh City"
"HW5 Stress User 680","stress680@perf.local","PerfTest123!","Keychron","2","HW5 Stress address 680, Ho Chi Minh City"
"HW5 Stress User 681","stress681@perf.local","PerfTest123!","iPhone","1","HW5 Stress address 681, Ho Chi Minh City"
"HW5 Stress User 682","stress682@perf.local","PerfTest123!","Samsung","2","HW5 Stress address 682, Ho Chi Minh City"
"HW5 Stress User 683","stress683@perf.local","PerfTest123!","MacBook","1","HW5 Stress address 683, Ho Chi Minh City"
"HW5 Stress User 684","stress684@perf.local","PerfTest123!","AirPods","2","HW5 Stress address 684, Ho Chi Minh City"
"HW5 Stress User 685","stress685@perf.local","PerfTest123!","Keychron","1","HW5 Stress address 685, Ho Chi Minh City"
"HW5 Stress User 686","stress686@perf.local","PerfTest123!","iPhone","2","HW5 Stress address 686, Ho Chi Minh City"
"HW5 Stress User 687","stress687@perf.local","PerfTest123!","Samsung","1","HW5 Stress address 687, Ho Chi Minh City"
"HW5 Stress User 688","stress688@perf.local","PerfTest123!","MacBook","2","HW5 Stress address 688, Ho Chi Minh City"
"HW5 Stress User 689","stress689@perf.local","PerfTest123!","AirPods","1","HW5 Stress address 689, Ho Chi Minh City"
"HW5 Stress User 690","stress690@perf.local","PerfTest123!","Keychron","2","HW5 Stress address 690, Ho Chi Minh City"
"HW5 Stress User 691","stress691@perf.local","PerfTest123!","iPhone","1","HW5 Stress address 691, Ho Chi Minh City"
"HW5 Stress User 692","stress692@perf.local","PerfTest123!","Samsung","2","HW5 Stress address 692, Ho Chi Minh City"
"HW5 Stress User 693","stress693@perf.local","PerfTest123!","MacBook","1","HW5 Stress address 693, Ho Chi Minh City"
"HW5 Stress User 694","stress694@perf.local","PerfTest123!","AirPods","2","HW5 Stress address 694, Ho Chi Minh City"
"HW5 Stress User 695","stress695@perf.local","PerfTest123!","Keychron","1","HW5 Stress address 695, Ho Chi Minh City"
"HW5 Stress User 696","stress696@perf.local","PerfTest123!","iPhone","2","HW5 Stress address 696, Ho Chi Minh City"
"HW5 Stress User 697","stress697@perf.local","PerfTest123!","Samsung","1","HW5 Stress address 697, Ho Chi Minh City"
"HW5 Stress User 698","stress698@perf.local","PerfTest123!","MacBook","2","HW5 Stress address 698, Ho Chi Minh City"
"HW5 Stress User 699","stress699@perf.local","PerfTest123!","AirPods","1","HW5 Stress address 699, Ho Chi Minh City"
"HW5 Stress User 700","stress700@perf.local","PerfTest123!","Keychron","2","HW5 Stress address 700, Ho Chi Minh City"
"HW5 Stress User 701","stress701@perf.local","PerfTest123!","iPhone","1","HW5 Stress address 701, Ho Chi Minh City"
"HW5 Stress User 702","stress702@perf.local","PerfTest123!","Samsung","2","HW5 Stress address 702, Ho Chi Minh City"
"HW5 Stress User 703","stress703@perf.local","PerfTest123!","MacBook","1","HW5 Stress address 703, Ho Chi Minh City"
"HW5 Stress User 704","stress704@perf.local","PerfTest123!","AirPods","2","HW5 Stress address 704, Ho Chi Minh City"
"HW5 Stress User 705","stress705@perf.local","PerfTest123!","Keychron","1","HW5 Stress address 705, Ho Chi Minh City"
"HW5 Stress User 706","stress706@perf.local","PerfTest123!","iPhone","2","HW5 Stress address 706, Ho Chi Minh City"
"HW5 Stress User 707","stress707@perf.local","PerfTest123!","Samsung","1","HW5 Stress address 707, Ho Chi Minh City"
"HW5 Stress User 708","stress708@perf.local","PerfTest123!","MacBook","2","HW5 Stress address 708, Ho Chi Minh City"
"HW5 Stress User 709","stress709@perf.local","PerfTest123!","AirPods","1","HW5 Stress address 709, Ho Chi Minh City"
"HW5 Stress User 710","stress710@perf.local","PerfTest123!","Keychron","2","HW5 Stress address 710, Ho Chi Minh City"
"HW5 Stress User 711","stress711@perf.local","PerfTest123!","iPhone","1","HW5 Stress address 711, Ho Chi Minh City"
"HW5 Stress User 712","stress712@perf.local","PerfTest123!","Samsung","2","HW5 Stress address 712, Ho Chi Minh City"
"HW5 Stress User 713","stress713@perf.local","PerfTest123!","MacBook","1","HW5 Stress address 713, Ho Chi Minh City"
"HW5 Stress User 714","stress714@perf.local","PerfTest123!","AirPods","2","HW5 Stress address 714, Ho Chi Minh City"
"HW5 Stress User 715","stress715@perf.local","PerfTest123!","Keychron","1","HW5 Stress address 715, Ho Chi Minh City"
"HW5 Stress User 716","stress716@perf.local","PerfTest123!","iPhone","2","HW5 Stress address 716, Ho Chi Minh City"
"HW5 Stress User 717","stress717@perf.local","PerfTest123!","Samsung","1","HW5 Stress address 717, Ho Chi Minh City"
"HW5 Stress User 718","stress718@perf.local","PerfTest123!","MacBook","2","HW5 Stress address 718, Ho Chi Minh City"
"HW5 Stress User 719","stress719@perf.local","PerfTest123!","AirPods","1","HW5 Stress address 719, Ho Chi Minh City"
"HW5 Stress User 720","stress720@perf.local","PerfTest123!","Keychron","2","HW5 Stress address 720, Ho Chi Minh City"
"HW5 Stress User 721","stress721@perf.local","PerfTest123!","iPhone","1","HW5 Stress address 721, Ho Chi Minh City"
"HW5 Stress User 722","stress722@perf.local","PerfTest123!","Samsung","2","HW5 Stress address 722, Ho Chi Minh City"
"HW5 Stress User 723","stress723@perf.local","PerfTest123!","MacBook","1","HW5 Stress address 723, Ho Chi Minh City"
"HW5 Stress User 724","stress724@perf.local","PerfTest123!","AirPods","2","HW5 Stress address 724, Ho Chi Minh City"
"HW5 Stress User 725","stress725@perf.local","PerfTest123!","Keychron","1","HW5 Stress address 725, Ho Chi Minh City"
"HW5 Stress User 726","stress726@perf.local","PerfTest123!","iPhone","2","HW5 Stress address 726, Ho Chi Minh City"
"HW5 Stress User 727","stress727@perf.local","PerfTest123!","Samsung","1","HW5 Stress address 727, Ho Chi Minh City"
"HW5 Stress User 728","stress728@perf.local","PerfTest123!","MacBook","2","HW5 Stress address 728, Ho Chi Minh City"
"HW5 Stress User 729","stress729@perf.local","PerfTest123!","AirPods","1","HW5 Stress address 729, Ho Chi Minh City"
"HW5 Stress User 730","stress730@perf.local","PerfTest123!","Keychron","2","HW5 Stress address 730, Ho Chi Minh City"
"HW5 Stress User 731","stress731@perf.local","PerfTest123!","iPhone","1","HW5 Stress address 731, Ho Chi Minh City"
"HW5 Stress User 732","stress732@perf.local","PerfTest123!","Samsung","2","HW5 Stress address 732, Ho Chi Minh City"
"HW5 Stress User 733","stress733@perf.local","PerfTest123!","MacBook","1","HW5 Stress address 733, Ho Chi Minh City"
"HW5 Stress User 734","stress734@perf.local","PerfTest123!","AirPods","2","HW5 Stress address 734, Ho Chi Minh City"
"HW5 Stress User 735","stress735@perf.local","PerfTest123!","Keychron","1","HW5 Stress address 735, Ho Chi Minh City"
"HW5 Stress User 736","stress736@perf.local","PerfTest123!","iPhone","2","HW5 Stress address 736, Ho Chi Minh City"
"HW5 Stress User 737","stress737@perf.local","PerfTest123!","Samsung","1","HW5 Stress address 737, Ho Chi Minh City"
"HW5 Stress User 738","stress738@perf.local","PerfTest123!","MacBook","2","HW5 Stress address 738, Ho Chi Minh City"
"HW5 Stress User 739","stress739@perf.local","PerfTest123!","AirPods","1","HW5 Stress address 739, Ho Chi Minh City"
"HW5 Stress User 740","stress740@perf.local","PerfTest123!","Keychron","2","HW5 Stress address 740, Ho Chi Minh City"
"HW5 Stress User 741","stress741@perf.local","PerfTest123!","iPhone","1","HW5 Stress address 741, Ho Chi Minh City"
"HW5 Stress User 742","stress742@perf.local","PerfTest123!","Samsung","2","HW5 Stress address 742, Ho Chi Minh City"
"HW5 Stress User 743","stress743@perf.local","PerfTest123!","MacBook","1","HW5 Stress address 743, Ho Chi Minh City"
"HW5 Stress User 744","stress744@perf.local","PerfTest123!","AirPods","2","HW5 Stress address 744, Ho Chi Minh City"
"HW5 Stress User 745","stress745@perf.local","PerfTest123!","Keychron","1","HW5 Stress address 745, Ho Chi Minh City"
"HW5 Stress User 746","stress746@perf.local","PerfTest123!","iPhone","2","HW5 Stress address 746, Ho Chi Minh City"
"HW5 Stress User 747","stress747@perf.local","PerfTest123!","Samsung","1","HW5 Stress address 747, Ho Chi Minh City"
"HW5 Stress User 748","stress748@perf.local","PerfTest123!","MacBook","2","HW5 Stress address 748, Ho Chi Minh City"
"HW5 Stress User 749","stress749@perf.local","PerfTest123!","AirPods","1","HW5 Stress address 749, Ho Chi Minh City"
"HW5 Stress User 750","stress750@perf.local","PerfTest123!","Keychron","2","HW5 Stress address 750, Ho Chi Minh City"
"HW5 Stress User 751","stress751@perf.local","PerfTest123!","iPhone","1","HW5 Stress address 751, Ho Chi Minh City"
"HW5 Stress User 752","stress752@perf.local","PerfTest123!","Samsung","2","HW5 Stress address 752, Ho Chi Minh City"
"HW5 Stress User 753","stress753@perf.local","PerfTest123!","MacBook","1","HW5 Stress address 753, Ho Chi Minh City"
"HW5 Stress User 754","stress754@perf.local","PerfTest123!","AirPods","2","HW5 Stress address 754, Ho Chi Minh City"
"HW5 Stress User 755","stress755@perf.local","PerfTest123!","Keychron","1","HW5 Stress address 755, Ho Chi Minh City"
"HW5 Stress User 756","stress756@perf.local","PerfTest123!","iPhone","2","HW5 Stress address 756, Ho Chi Minh City"
"HW5 Stress User 757","stress757@perf.local","PerfTest123!","Samsung","1","HW5 Stress address 757, Ho Chi Minh City"
"HW5 Stress User 758","stress758@perf.local","PerfTest123!","MacBook","2","HW5 Stress address 758, Ho Chi Minh City"
"HW5 Stress User 759","stress759@perf.local","PerfTest123!","AirPods","1","HW5 Stress address 759, Ho Chi Minh City"
"HW5 Stress User 760","stress760@perf.local","PerfTest123!","Keychron","2","HW5 Stress address 760, Ho Chi Minh City"
"HW5 Stress User 761","stress761@perf.local","PerfTest123!","iPhone","1","HW5 Stress address 761, Ho Chi Minh City"
"HW5 Stress User 762","stress762@perf.local","PerfTest123!","Samsung","2","HW5 Stress address 762, Ho Chi Minh City"
"HW5 Stress User 763","stress763@perf.local","PerfTest123!","MacBook","1","HW5 Stress address 763, Ho Chi Minh City"
"HW5 Stress User 764","stress764@perf.local","PerfTest123!","AirPods","2","HW5 Stress address 764, Ho Chi Minh City"
"HW5 Stress User 765","stress765@perf.local","PerfTest123!","Keychron","1","HW5 Stress address 765, Ho Chi Minh City"
"HW5 Stress User 766","stress766@perf.local","PerfTest123!","iPhone","2","HW5 Stress address 766, Ho Chi Minh City"
"HW5 Stress User 767","stress767@perf.local","PerfTest123!","Samsung","1","HW5 Stress address 767, Ho Chi Minh City"
"HW5 Stress User 768","stress768@perf.local","PerfTest123!","MacBook","2","HW5 Stress address 768, Ho Chi Minh City"
"HW5 Stress User 769","stress769@perf.local","PerfTest123!","AirPods","1","HW5 Stress address 769, Ho Chi Minh City"
"HW5 Stress User 770","stress770@perf.local","PerfTest123!","Keychron","2","HW5 Stress address 770, Ho Chi Minh City"
"HW5 Stress User 771","stress771@perf.local","PerfTest123!","iPhone","1","HW5 Stress address 771, Ho Chi Minh City"
"HW5 Stress User 772","stress772@perf.local","PerfTest123!","Samsung","2","HW5 Stress address 772, Ho Chi Minh City"
"HW5 Stress User 773","stress773@perf.local","PerfTest123!","MacBook","1","HW5 Stress address 773, Ho Chi Minh City"
"HW5 Stress User 774","stress774@perf.local","PerfTest123!","AirPods","2","HW5 Stress address 774, Ho Chi Minh City"
"HW5 Stress User 775","stress775@perf.local","PerfTest123!","Keychron","1","HW5 Stress address 775, Ho Chi Minh City"
"HW5 Stress User 776","stress776@perf.local","PerfTest123!","iPhone","2","HW5 Stress address 776, Ho Chi Minh City"
"HW5 Stress User 777","stress777@perf.local","PerfTest123!","Samsung","1","HW5 Stress address 777, Ho Chi Minh City"
"HW5 Stress User 778","stress778@perf.local","PerfTest123!","MacBook","2","HW5 Stress address 778, Ho Chi Minh City"
"HW5 Stress User 779","stress779@perf.local","PerfTest123!","AirPods","1","HW5 Stress address 779, Ho Chi Minh City"
"HW5 Stress User 780","stress780@perf.local","PerfTest123!","Keychron","2","HW5 Stress address 780, Ho Chi Minh City"
"HW5 Stress User 781","stress781@perf.local","PerfTest123!","iPhone","1","HW5 Stress address 781, Ho Chi Minh City"
"HW5 Stress User 782","stress782@perf.local","PerfTest123!","Samsung","2","HW5 Stress address 782, Ho Chi Minh City"
"HW5 Stress User 783","stress783@perf.local","PerfTest123!","MacBook","1","HW5 Stress address 783, Ho Chi Minh City"
"HW5 Stress User 784","stress784@perf.local","PerfTest123!","AirPods","2","HW5 Stress address 784, Ho Chi Minh City"
"HW5 Stress User 785","stress785@perf.local","PerfTest123!","Keychron","1","HW5 Stress address 785, Ho Chi Minh City"
"HW5 Stress User 786","stress786@perf.local","PerfTest123!","iPhone","2","HW5 Stress address 786, Ho Chi Minh City"
"HW5 Stress User 787","stress787@perf.local","PerfTest123!","Samsung","1","HW5 Stress address 787, Ho Chi Minh City"
"HW5 Stress User 788","stress788@perf.local","PerfTest123!","MacBook","2","HW5 Stress address 788, Ho Chi Minh City"
"HW5 Stress User 789","stress789@perf.local","PerfTest123!","AirPods","1","HW5 Stress address 789, Ho Chi Minh City"
"HW5 Stress User 790","stress790@perf.local","PerfTest123!","Keychron","2","HW5 Stress address 790, Ho Chi Minh City"
"HW5 Stress User 791","stress791@perf.local","PerfTest123!","iPhone","1","HW5 Stress address 791, Ho Chi Minh City"
"HW5 Stress User 792","stress792@perf.local","PerfTest123!","Samsung","2","HW5 Stress address 792, Ho Chi Minh City"
"HW5 Stress User 793","stress793@perf.local","PerfTest123!","MacBook","1","HW5 Stress address 793, Ho Chi Minh City"
"HW5 Stress User 794","stress794@perf.local","PerfTest123!","AirPods","2","HW5 Stress address 794, Ho Chi Minh City"
"HW5 Stress User 795","stress795@perf.local","PerfTest123!","Keychron","1","HW5 Stress address 795, Ho Chi Minh City"
"HW5 Stress User 796","stress796@perf.local","PerfTest123!","iPhone","2","HW5 Stress address 796, Ho Chi Minh City"
"HW5 Stress User 797","stress797@perf.local","PerfTest123!","Samsung","1","HW5 Stress address 797, Ho Chi Minh City"
"HW5 Stress User 798","stress798@perf.local","PerfTest123!","MacBook","2","HW5 Stress address 798, Ho Chi Minh City"
"HW5 Stress User 799","stress799@perf.local","PerfTest123!","AirPods","1","HW5 Stress address 799, Ho Chi Minh City"
"HW5 Stress User 800","stress800@perf.local","PerfTest123!","Keychron","2","HW5 Stress address 800, Ho Chi Minh City"
"HW5 Stress User 801","stress801@perf.local","PerfTest123!","iPhone","1","HW5 Stress address 801, Ho Chi Minh City"
"HW5 Stress User 802","stress802@perf.local","PerfTest123!","Samsung","2","HW5 Stress address 802, Ho Chi Minh City"
"HW5 Stress User 803","stress803@perf.local","PerfTest123!","MacBook","1","HW5 Stress address 803, Ho Chi Minh City"
"HW5 Stress User 804","stress804@perf.local","PerfTest123!","AirPods","2","HW5 Stress address 804, Ho Chi Minh City"
"HW5 Stress User 805","stress805@perf.local","PerfTest123!","Keychron","1","HW5 Stress address 805, Ho Chi Minh City"
"HW5 Stress User 806","stress806@perf.local","PerfTest123!","iPhone","2","HW5 Stress address 806, Ho Chi Minh City"
"HW5 Stress User 807","stress807@perf.local","PerfTest123!","Samsung","1","HW5 Stress address 807, Ho Chi Minh City"
"HW5 Stress User 808","stress808@perf.local","PerfTest123!","MacBook","2","HW5 Stress address 808, Ho Chi Minh City"
"HW5 Stress User 809","stress809@perf.local","PerfTest123!","AirPods","1","HW5 Stress address 809, Ho Chi Minh City"
"HW5 Stress User 810","stress810@perf.local","PerfTest123!","Keychron","2","HW5 Stress address 810, Ho Chi Minh City"
"HW5 Stress User 811","stress811@perf.local","PerfTest123!","iPhone","1","HW5 Stress address 811, Ho Chi Minh City"
"HW5 Stress User 812","stress812@perf.local","PerfTest123!","Samsung","2","HW5 Stress address 812, Ho Chi Minh City"
"HW5 Stress User 813","stress813@perf.local","PerfTest123!","MacBook","1","HW5 Stress address 813, Ho Chi Minh City"
"HW5 Stress User 814","stress814@perf.local","PerfTest123!","AirPods","2","HW5 Stress address 814, Ho Chi Minh City"
"HW5 Stress User 815","stress815@perf.local","PerfTest123!","Keychron","1","HW5 Stress address 815, Ho Chi Minh City"
"HW5 Stress User 816","stress816@perf.local","PerfTest123!","iPhone","2","HW5 Stress address 816, Ho Chi Minh City"
"HW5 Stress User 817","stress817@perf.local","PerfTest123!","Samsung","1","HW5 Stress address 817, Ho Chi Minh City"
"HW5 Stress User 818","stress818@perf.local","PerfTest123!","MacBook","2","HW5 Stress address 818, Ho Chi Minh City"
"HW5 Stress User 819","stress819@perf.local","PerfTest123!","AirPods","1","HW5 Stress address 819, Ho Chi Minh City"
"HW5 Stress User 820","stress820@perf.local","PerfTest123!","Keychron","2","HW5 Stress address 820, Ho Chi Minh City"
"HW5 Stress User 821","stress821@perf.local","PerfTest123!","iPhone","1","HW5 Stress address 821, Ho Chi Minh City"
"HW5 Stress User 822","stress822@perf.local","PerfTest123!","Samsung","2","HW5 Stress address 822, Ho Chi Minh City"
"HW5 Stress User 823","stress823@perf.local","PerfTest123!","MacBook","1","HW5 Stress address 823, Ho Chi Minh City"
"HW5 Stress User 824","stress824@perf.local","PerfTest123!","AirPods","2","HW5 Stress address 824, Ho Chi Minh City"
"HW5 Stress User 825","stress825@perf.local","PerfTest123!","Keychron","1","HW5 Stress address 825, Ho Chi Minh City"
"HW5 Stress User 826","stress826@perf.local","PerfTest123!","iPhone","2","HW5 Stress address 826, Ho Chi Minh City"
"HW5 Stress User 827","stress827@perf.local","PerfTest123!","Samsung","1","HW5 Stress address 827, Ho Chi Minh City"
"HW5 Stress User 828","stress828@perf.local","PerfTest123!","MacBook","2","HW5 Stress address 828, Ho Chi Minh City"
"HW5 Stress User 829","stress829@perf.local","PerfTest123!","AirPods","1","HW5 Stress address 829, Ho Chi Minh City"
"HW5 Stress User 830","stress830@perf.local","PerfTest123!","Keychron","2","HW5 Stress address 830, Ho Chi Minh City"
"HW5 Stress User 831","stress831@perf.local","PerfTest123!","iPhone","1","HW5 Stress address 831, Ho Chi Minh City"
"HW5 Stress User 832","stress832@perf.local","PerfTest123!","Samsung","2","HW5 Stress address 832, Ho Chi Minh City"
"HW5 Stress User 833","stress833@perf.local","PerfTest123!","MacBook","1","HW5 Stress address 833, Ho Chi Minh City"
"HW5 Stress User 834","stress834@perf.local","PerfTest123!","AirPods","2","HW5 Stress address 834, Ho Chi Minh City"
"HW5 Stress User 835","stress835@perf.local","PerfTest123!","Keychron","1","HW5 Stress address 835, Ho Chi Minh City"
"HW5 Stress User 836","stress836@perf.local","PerfTest123!","iPhone","2","HW5 Stress address 836, Ho Chi Minh City"
"HW5 Stress User 837","stress837@perf.local","PerfTest123!","Samsung","1","HW5 Stress address 837, Ho Chi Minh City"
"HW5 Stress User 838","stress838@perf.local","PerfTest123!","MacBook","2","HW5 Stress address 838, Ho Chi Minh City"
"HW5 Stress User 839","stress839@perf.local","PerfTest123!","AirPods","1","HW5 Stress address 839, Ho Chi Minh City"
"HW5 Stress User 840","stress840@perf.local","PerfTest123!","Keychron","2","HW5 Stress address 840, Ho Chi Minh City"
"HW5 Stress User 841","stress841@perf.local","PerfTest123!","iPhone","1","HW5 Stress address 841, Ho Chi Minh City"
"HW5 Stress User 842","stress842@perf.local","PerfTest123!","Samsung","2","HW5 Stress address 842, Ho Chi Minh City"
"HW5 Stress User 843","stress843@perf.local","PerfTest123!","MacBook","1","HW5 Stress address 843, Ho Chi Minh City"
"HW5 Stress User 844","stress844@perf.local","PerfTest123!","AirPods","2","HW5 Stress address 844, Ho Chi Minh City"
"HW5 Stress User 845","stress845@perf.local","PerfTest123!","Keychron","1","HW5 Stress address 845, Ho Chi Minh City"
"HW5 Stress User 846","stress846@perf.local","PerfTest123!","iPhone","2","HW5 Stress address 846, Ho Chi Minh City"
"HW5 Stress User 847","stress847@perf.local","PerfTest123!","Samsung","1","HW5 Stress address 847, Ho Chi Minh City"
"HW5 Stress User 848","stress848@perf.local","PerfTest123!","MacBook","2","HW5 Stress address 848, Ho Chi Minh City"
"HW5 Stress User 849","stress849@perf.local","PerfTest123!","AirPods","1","HW5 Stress address 849, Ho Chi Minh City"
"HW5 Stress User 850","stress850@perf.local","PerfTest123!","Keychron","2","HW5 Stress address 850, Ho Chi Minh City"
"HW5 Stress User 851","stress851@perf.local","PerfTest123!","iPhone","1","HW5 Stress address 851, Ho Chi Minh City"
"HW5 Stress User 852","stress852@perf.local","PerfTest123!","Samsung","2","HW5 Stress address 852, Ho Chi Minh City"
"HW5 Stress User 853","stress853@perf.local","PerfTest123!","MacBook","1","HW5 Stress address 853, Ho Chi Minh City"
"HW5 Stress User 854","stress854@perf.local","PerfTest123!","AirPods","2","HW5 Stress address 854, Ho Chi Minh City"
"HW5 Stress User 855","stress855@perf.local","PerfTest123!","Keychron","1","HW5 Stress address 855, Ho Chi Minh City"
"HW5 Stress User 856","stress856@perf.local","PerfTest123!","iPhone","2","HW5 Stress address 856, Ho Chi Minh City"
"HW5 Stress User 857","stress857@perf.local","PerfTest123!","Samsung","1","HW5 Stress address 857, Ho Chi Minh City"
"HW5 Stress User 858","stress858@perf.local","PerfTest123!","MacBook","2","HW5 Stress address 858, Ho Chi Minh City"
"HW5 Stress User 859","stress859@perf.local","PerfTest123!","AirPods","1","HW5 Stress address 859, Ho Chi Minh City"
"HW5 Stress User 860","stress860@perf.local","PerfTest123!","Keychron","2","HW5 Stress address 860, Ho Chi Minh City"
"HW5 Stress User 861","stress861@perf.local","PerfTest123!","iPhone","1","HW5 Stress address 861, Ho Chi Minh City"
"HW5 Stress User 862","stress862@perf.local","PerfTest123!","Samsung","2","HW5 Stress address 862, Ho Chi Minh City"
"HW5 Stress User 863","stress863@perf.local","PerfTest123!","MacBook","1","HW5 Stress address 863, Ho Chi Minh City"
"HW5 Stress User 864","stress864@perf.local","PerfTest123!","AirPods","2","HW5 Stress address 864, Ho Chi Minh City"
"HW5 Stress User 865","stress865@perf.local","PerfTest123!","Keychron","1","HW5 Stress address 865, Ho Chi Minh City"
"HW5 Stress User 866","stress866@perf.local","PerfTest123!","iPhone","2","HW5 Stress address 866, Ho Chi Minh City"
"HW5 Stress User 867","stress867@perf.local","PerfTest123!","Samsung","1","HW5 Stress address 867, Ho Chi Minh City"
"HW5 Stress User 868","stress868@perf.local","PerfTest123!","MacBook","2","HW5 Stress address 868, Ho Chi Minh City"
"HW5 Stress User 869","stress869@perf.local","PerfTest123!","AirPods","1","HW5 Stress address 869, Ho Chi Minh City"
"HW5 Stress User 870","stress870@perf.local","PerfTest123!","Keychron","2","HW5 Stress address 870, Ho Chi Minh City"
"HW5 Stress User 871","stress871@perf.local","PerfTest123!","iPhone","1","HW5 Stress address 871, Ho Chi Minh City"
"HW5 Stress User 872","stress872@perf.local","PerfTest123!","Samsung","2","HW5 Stress address 872, Ho Chi Minh City"
"HW5 Stress User 873","stress873@perf.local","PerfTest123!","MacBook","1","HW5 Stress address 873, Ho Chi Minh City"
"HW5 Stress User 874","stress874@perf.local","PerfTest123!","AirPods","2","HW5 Stress address 874, Ho Chi Minh City"
"HW5 Stress User 875","stress875@perf.local","PerfTest123!","Keychron","1","HW5 Stress address 875, Ho Chi Minh City"
"HW5 Stress User 876","stress876@perf.local","PerfTest123!","iPhone","2","HW5 Stress address 876, Ho Chi Minh City"
"HW5 Stress User 877","stress877@perf.local","PerfTest123!","Samsung","1","HW5 Stress address 877, Ho Chi Minh City"
"HW5 Stress User 878","stress878@perf.local","PerfTest123!","MacBook","2","HW5 Stress address 878, Ho Chi Minh City"
"HW5 Stress User 879","stress879@perf.local","PerfTest123!","AirPods","1","HW5 Stress address 879, Ho Chi Minh City"
"HW5 Stress User 880","stress880@perf.local","PerfTest123!","Keychron","2","HW5 Stress address 880, Ho Chi Minh City"
"HW5 Stress User 881","stress881@perf.local","PerfTest123!","iPhone","1","HW5 Stress address 881, Ho Chi Minh City"
"HW5 Stress User 882","stress882@perf.local","PerfTest123!","Samsung","2","HW5 Stress address 882, Ho Chi Minh City"
"HW5 Stress User 883","stress883@perf.local","PerfTest123!","MacBook","1","HW5 Stress address 883, Ho Chi Minh City"
"HW5 Stress User 884","stress884@perf.local","PerfTest123!","AirPods","2","HW5 Stress address 884, Ho Chi Minh City"
"HW5 Stress User 885","stress885@perf.local","PerfTest123!","Keychron","1","HW5 Stress address 885, Ho Chi Minh City"
"HW5 Stress User 886","stress886@perf.local","PerfTest123!","iPhone","2","HW5 Stress address 886, Ho Chi Minh City"
"HW5 Stress User 887","stress887@perf.local","PerfTest123!","Samsung","1","HW5 Stress address 887, Ho Chi Minh City"
"HW5 Stress User 888","stress888@perf.local","PerfTest123!","MacBook","2","HW5 Stress address 888, Ho Chi Minh City"
"HW5 Stress User 889","stress889@perf.local","PerfTest123!","AirPods","1","HW5 Stress address 889, Ho Chi Minh City"
"HW5 Stress User 890","stress890@perf.local","PerfTest123!","Keychron","2","HW5 Stress address 890, Ho Chi Minh City"
"HW5 Stress User 891","stress891@perf.local","PerfTest123!","iPhone","1","HW5 Stress address 891, Ho Chi Minh City"
"HW5 Stress User 892","stress892@perf.local","PerfTest123!","Samsung","2","HW5 Stress address 892, Ho Chi Minh City"
"HW5 Stress User 893","stress893@perf.local","PerfTest123!","MacBook","1","HW5 Stress address 893, Ho Chi Minh City"
"HW5 Stress User 894","stress894@perf.local","PerfTest123!","AirPods","2","HW5 Stress address 894, Ho Chi Minh City"
"HW5 Stress User 895","stress895@perf.local","PerfTest123!","Keychron","1","HW5 Stress address 895, Ho Chi Minh City"
"HW5 Stress User 896","stress896@perf.local","PerfTest123!","iPhone","2","HW5 Stress address 896, Ho Chi Minh City"
"HW5 Stress User 897","stress897@perf.local","PerfTest123!","Samsung","1","HW5 Stress address 897, Ho Chi Minh City"
"HW5 Stress User 898","stress898@perf.local","PerfTest123!","MacBook","2","HW5 Stress address 898, Ho Chi Minh City"
"HW5 Stress User 899","stress899@perf.local","PerfTest123!","AirPods","1","HW5 Stress address 899, Ho Chi Minh City"
"HW5 Stress User 900","stress900@perf.local","PerfTest123!","Keychron","2","HW5 Stress address 900, Ho Chi Minh City"
"HW5 Stress User 901","stress901@perf.local","PerfTest123!","iPhone","1","HW5 Stress address 901, Ho Chi Minh City"
"HW5 Stress User 902","stress902@perf.local","PerfTest123!","Samsung","2","HW5 Stress address 902, Ho Chi Minh City"
"HW5 Stress User 903","stress903@perf.local","PerfTest123!","MacBook","1","HW5 Stress address 903, Ho Chi Minh City"
"HW5 Stress User 904","stress904@perf.local","PerfTest123!","AirPods","2","HW5 Stress address 904, Ho Chi Minh City"
"HW5 Stress User 905","stress905@perf.local","PerfTest123!","Keychron","1","HW5 Stress address 905, Ho Chi Minh City"
"HW5 Stress User 906","stress906@perf.local","PerfTest123!","iPhone","2","HW5 Stress address 906, Ho Chi Minh City"
"HW5 Stress User 907","stress907@perf.local","PerfTest123!","Samsung","1","HW5 Stress address 907, Ho Chi Minh City"
"HW5 Stress User 908","stress908@perf.local","PerfTest123!","MacBook","2","HW5 Stress address 908, Ho Chi Minh City"
"HW5 Stress User 909","stress909@perf.local","PerfTest123!","AirPods","1","HW5 Stress address 909, Ho Chi Minh City"
"HW5 Stress User 910","stress910@perf.local","PerfTest123!","Keychron","2","HW5 Stress address 910, Ho Chi Minh City"
"HW5 Stress User 911","stress911@perf.local","PerfTest123!","iPhone","1","HW5 Stress address 911, Ho Chi Minh City"
"HW5 Stress User 912","stress912@perf.local","PerfTest123!","Samsung","2","HW5 Stress address 912, Ho Chi Minh City"
"HW5 Stress User 913","stress913@perf.local","PerfTest123!","MacBook","1","HW5 Stress address 913, Ho Chi Minh City"
"HW5 Stress User 914","stress914@perf.local","PerfTest123!","AirPods","2","HW5 Stress address 914, Ho Chi Minh City"
"HW5 Stress User 915","stress915@perf.local","PerfTest123!","Keychron","1","HW5 Stress address 915, Ho Chi Minh City"
"HW5 Stress User 916","stress916@perf.local","PerfTest123!","iPhone","2","HW5 Stress address 916, Ho Chi Minh City"
"HW5 Stress User 917","stress917@perf.local","PerfTest123!","Samsung","1","HW5 Stress address 917, Ho Chi Minh City"
"HW5 Stress User 918","stress918@perf.local","PerfTest123!","MacBook","2","HW5 Stress address 918, Ho Chi Minh City"
"HW5 Stress User 919","stress919@perf.local","PerfTest123!","AirPods","1","HW5 Stress address 919, Ho Chi Minh City"
"HW5 Stress User 920","stress920@perf.local","PerfTest123!","Keychron","2","HW5 Stress address 920, Ho Chi Minh City"
"HW5 Stress User 921","stress921@perf.local","PerfTest123!","iPhone","1","HW5 Stress address 921, Ho Chi Minh City"
"HW5 Stress User 922","stress922@perf.local","PerfTest123!","Samsung","2","HW5 Stress address 922, Ho Chi Minh City"
"HW5 Stress User 923","stress923@perf.local","PerfTest123!","MacBook","1","HW5 Stress address 923, Ho Chi Minh City"
"HW5 Stress User 924","stress924@perf.local","PerfTest123!","AirPods","2","HW5 Stress address 924, Ho Chi Minh City"
"HW5 Stress User 925","stress925@perf.local","PerfTest123!","Keychron","1","HW5 Stress address 925, Ho Chi Minh City"
"HW5 Stress User 926","stress926@perf.local","PerfTest123!","iPhone","2","HW5 Stress address 926, Ho Chi Minh City"
"HW5 Stress User 927","stress927@perf.local","PerfTest123!","Samsung","1","HW5 Stress address 927, Ho Chi Minh City"
"HW5 Stress User 928","stress928@perf.local","PerfTest123!","MacBook","2","HW5 Stress address 928, Ho Chi Minh City"
"HW5 Stress User 929","stress929@perf.local","PerfTest123!","AirPods","1","HW5 Stress address 929, Ho Chi Minh City"
"HW5 Stress User 930","stress930@perf.local","PerfTest123!","Keychron","2","HW5 Stress address 930, Ho Chi Minh City"
"HW5 Stress User 931","stress931@perf.local","PerfTest123!","iPhone","1","HW5 Stress address 931, Ho Chi Minh City"
"HW5 Stress User 932","stress932@perf.local","PerfTest123!","Samsung","2","HW5 Stress address 932, Ho Chi Minh City"
"HW5 Stress User 933","stress933@perf.local","PerfTest123!","MacBook","1","HW5 Stress address 933, Ho Chi Minh City"
"HW5 Stress User 934","stress934@perf.local","PerfTest123!","AirPods","2","HW5 Stress address 934, Ho Chi Minh City"
"HW5 Stress User 935","stress935@perf.local","PerfTest123!","Keychron","1","HW5 Stress address 935, Ho Chi Minh City"
"HW5 Stress User 936","stress936@perf.local","PerfTest123!","iPhone","2","HW5 Stress address 936, Ho Chi Minh City"
"HW5 Stress User 937","stress937@perf.local","PerfTest123!","Samsung","1","HW5 Stress address 937, Ho Chi Minh City"
"HW5 Stress User 938","stress938@perf.local","PerfTest123!","MacBook","2","HW5 Stress address 938, Ho Chi Minh City"
"HW5 Stress User 939","stress939@perf.local","PerfTest123!","AirPods","1","HW5 Stress address 939, Ho Chi Minh City"
"HW5 Stress User 940","stress940@perf.local","PerfTest123!","Keychron","2","HW5 Stress address 940, Ho Chi Minh City"
"HW5 Stress User 941","stress941@perf.local","PerfTest123!","iPhone","1","HW5 Stress address 941, Ho Chi Minh City"
"HW5 Stress User 942","stress942@perf.local","PerfTest123!","Samsung","2","HW5 Stress address 942, Ho Chi Minh City"
"HW5 Stress User 943","stress943@perf.local","PerfTest123!","MacBook","1","HW5 Stress address 943, Ho Chi Minh City"
"HW5 Stress User 944","stress944@perf.local","PerfTest123!","AirPods","2","HW5 Stress address 944, Ho Chi Minh City"
"HW5 Stress User 945","stress945@perf.local","PerfTest123!","Keychron","1","HW5 Stress address 945, Ho Chi Minh City"
"HW5 Stress User 946","stress946@perf.local","PerfTest123!","iPhone","2","HW5 Stress address 946, Ho Chi Minh City"
"HW5 Stress User 947","stress947@perf.local","PerfTest123!","Samsung","1","HW5 Stress address 947, Ho Chi Minh City"
"HW5 Stress User 948","stress948@perf.local","PerfTest123!","MacBook","2","HW5 Stress address 948, Ho Chi Minh City"
"HW5 Stress User 949","stress949@perf.local","PerfTest123!","AirPods","1","HW5 Stress address 949, Ho Chi Minh City"
"HW5 Stress User 950","stress950@perf.local","PerfTest123!","Keychron","2","HW5 Stress address 950, Ho Chi Minh City"
"HW5 Stress User 951","stress951@perf.local","PerfTest123!","iPhone","1","HW5 Stress address 951, Ho Chi Minh City"
"HW5 Stress User 952","stress952@perf.local","PerfTest123!","Samsung","2","HW5 Stress address 952, Ho Chi Minh City"
"HW5 Stress User 953","stress953@perf.local","PerfTest123!","MacBook","1","HW5 Stress address 953, Ho Chi Minh City"
"HW5 Stress User 954","stress954@perf.local","PerfTest123!","AirPods","2","HW5 Stress address 954, Ho Chi Minh City"
"HW5 Stress User 955","stress955@perf.local","PerfTest123!","Keychron","1","HW5 Stress address 955, Ho Chi Minh City"
"HW5 Stress User 956","stress956@perf.local","PerfTest123!","iPhone","2","HW5 Stress address 956, Ho Chi Minh City"
"HW5 Stress User 957","stress957@perf.local","PerfTest123!","Samsung","1","HW5 Stress address 957, Ho Chi Minh City"
"HW5 Stress User 958","stress958@perf.local","PerfTest123!","MacBook","2","HW5 Stress address 958, Ho Chi Minh City"
"HW5 Stress User 959","stress959@perf.local","PerfTest123!","AirPods","1","HW5 Stress address 959, Ho Chi Minh City"
"HW5 Stress User 960","stress960@perf.local","PerfTest123!","Keychron","2","HW5 Stress address 960, Ho Chi Minh City"
"HW5 Stress User 961","stress961@perf.local","PerfTest123!","iPhone","1","HW5 Stress address 961, Ho Chi Minh City"
"HW5 Stress User 962","stress962@perf.local","PerfTest123!","Samsung","2","HW5 Stress address 962, Ho Chi Minh City"
"HW5 Stress User 963","stress963@perf.local","PerfTest123!","MacBook","1","HW5 Stress address 963, Ho Chi Minh City"
"HW5 Stress User 964","stress964@perf.local","PerfTest123!","AirPods","2","HW5 Stress address 964, Ho Chi Minh City"
"HW5 Stress User 965","stress965@perf.local","PerfTest123!","Keychron","1","HW5 Stress address 965, Ho Chi Minh City"
"HW5 Stress User 966","stress966@perf.local","PerfTest123!","iPhone","2","HW5 Stress address 966, Ho Chi Minh City"
"HW5 Stress User 967","stress967@perf.local","PerfTest123!","Samsung","1","HW5 Stress address 967, Ho Chi Minh City"
"HW5 Stress User 968","stress968@perf.local","PerfTest123!","MacBook","2","HW5 Stress address 968, Ho Chi Minh City"
"HW5 Stress User 969","stress969@perf.local","PerfTest123!","AirPods","1","HW5 Stress address 969, Ho Chi Minh City"
"HW5 Stress User 970","stress970@perf.local","PerfTest123!","Keychron","2","HW5 Stress address 970, Ho Chi Minh City"
"HW5 Stress User 971","stress971@perf.local","PerfTest123!","iPhone","1","HW5 Stress address 971, Ho Chi Minh City"
"HW5 Stress User 972","stress972@perf.local","PerfTest123!","Samsung","2","HW5 Stress address 972, Ho Chi Minh City"
"HW5 Stress User 973","stress973@perf.local","PerfTest123!","MacBook","1","HW5 Stress address 973, Ho Chi Minh City"
"HW5 Stress User 974","stress974@perf.local","PerfTest123!","AirPods","2","HW5 Stress address 974, Ho Chi Minh City"
"HW5 Stress User 975","stress975@perf.local","PerfTest123!","Keychron","1","HW5 Stress address 975, Ho Chi Minh City"
"HW5 Stress User 976","stress976@perf.local","PerfTest123!","iPhone","2","HW5 Stress address 976, Ho Chi Minh City"
"HW5 Stress User 977","stress977@perf.local","PerfTest123!","Samsung","1","HW5 Stress address 977, Ho Chi Minh City"
"HW5 Stress User 978","stress978@perf.local","PerfTest123!","MacBook","2","HW5 Stress address 978, Ho Chi Minh City"
"HW5 Stress User 979","stress979@perf.local","PerfTest123!","AirPods","1","HW5 Stress address 979, Ho Chi Minh City"
"HW5 Stress User 980","stress980@perf.local","PerfTest123!","Keychron","2","HW5 Stress address 980, Ho Chi Minh City"
"HW5 Stress User 981","stress981@perf.local","PerfTest123!","iPhone","1","HW5 Stress address 981, Ho Chi Minh City"
"HW5 Stress User 982","stress982@perf.local","PerfTest123!","Samsung","2","HW5 Stress address 982, Ho Chi Minh City"
"HW5 Stress User 983","stress983@perf.local","PerfTest123!","MacBook","1","HW5 Stress address 983, Ho Chi Minh City"
"HW5 Stress User 984","stress984@perf.local","PerfTest123!","AirPods","2","HW5 Stress address 984, Ho Chi Minh City"
"HW5 Stress User 985","stress985@perf.local","PerfTest123!","Keychron","1","HW5 Stress address 985, Ho Chi Minh City"
"HW5 Stress User 986","stress986@perf.local","PerfTest123!","iPhone","2","HW5 Stress address 986, Ho Chi Minh City"
"HW5 Stress User 987","stress987@perf.local","PerfTest123!","Samsung","1","HW5 Stress address 987, Ho Chi Minh City"
"HW5 Stress User 988","stress988@perf.local","PerfTest123!","MacBook","2","HW5 Stress address 988, Ho Chi Minh City"
"HW5 Stress User 989","stress989@perf.local","PerfTest123!","AirPods","1","HW5 Stress address 989, Ho Chi Minh City"
"HW5 Stress User 990","stress990@perf.local","PerfTest123!","Keychron","2","HW5 Stress address 990, Ho Chi Minh City"
"HW5 Stress User 991","stress991@perf.local","PerfTest123!","iPhone","1","HW5 Stress address 991, Ho Chi Minh City"
"HW5 Stress User 992","stress992@perf.local","PerfTest123!","Samsung","2","HW5 Stress address 992, Ho Chi Minh City"
"HW5 Stress User 993","stress993@perf.local","PerfTest123!","MacBook","1","HW5 Stress address 993, Ho Chi Minh City"
"HW5 Stress User 994","stress994@perf.local","PerfTest123!","AirPods","2","HW5 Stress address 994, Ho Chi Minh City"
"HW5 Stress User 995","stress995@perf.local","PerfTest123!","Keychron","1","HW5 Stress address 995, Ho Chi Minh City"
"HW5 Stress User 996","stress996@perf.local","PerfTest123!","iPhone","2","HW5 Stress address 996, Ho Chi Minh City"
"HW5 Stress User 997","stress997@perf.local","PerfTest123!","Samsung","1","HW5 Stress address 997, Ho Chi Minh City"
"HW5 Stress User 998","stress998@perf.local","PerfTest123!","MacBook","2","HW5 Stress address 998, Ho Chi Minh City"
"HW5 Stress User 999","stress999@perf.local","PerfTest123!","AirPods","1","HW5 Stress address 999, Ho Chi Minh City"
"HW5 Stress User 1000","stress1000@perf.local","PerfTest123!","Keychron","2","HW5 Stress address 1000, Ho Chi Minh City"
"HW5 Stress User 1001","stress1001@perf.local","PerfTest123!","iPhone","1","HW5 Stress address 1001, Ho Chi Minh City"
"HW5 Stress User 1002","stress1002@perf.local","PerfTest123!","Samsung","2","HW5 Stress address 1002, Ho Chi Minh City"
"HW5 Stress User 1003","stress1003@perf.local","PerfTest123!","MacBook","1","HW5 Stress address 1003, Ho Chi Minh City"
"HW5 Stress User 1004","stress1004@perf.local","PerfTest123!","AirPods","2","HW5 Stress address 1004, Ho Chi Minh City"
"HW5 Stress User 1005","stress1005@perf.local","PerfTest123!","Keychron","1","HW5 Stress address 1005, Ho Chi Minh City"
"HW5 Stress User 1006","stress1006@perf.local","PerfTest123!","iPhone","2","HW5 Stress address 1006, Ho Chi Minh City"
"HW5 Stress User 1007","stress1007@perf.local","PerfTest123!","Samsung","1","HW5 Stress address 1007, Ho Chi Minh City"
"HW5 Stress User 1008","stress1008@perf.local","PerfTest123!","MacBook","2","HW5 Stress address 1008, Ho Chi Minh City"
"HW5 Stress User 1009","stress1009@perf.local","PerfTest123!","AirPods","1","HW5 Stress address 1009, Ho Chi Minh City"
"HW5 Stress User 1010","stress1010@perf.local","PerfTest123!","Keychron","2","HW5 Stress address 1010, Ho Chi Minh City"
"HW5 Stress User 1011","stress1011@perf.local","PerfTest123!","iPhone","1","HW5 Stress address 1011, Ho Chi Minh City"
"HW5 Stress User 1012","stress1012@perf.local","PerfTest123!","Samsung","2","HW5 Stress address 1012, Ho Chi Minh City"
"HW5 Stress User 1013","stress1013@perf.local","PerfTest123!","MacBook","1","HW5 Stress address 1013, Ho Chi Minh City"
"HW5 Stress User 1014","stress1014@perf.local","PerfTest123!","AirPods","2","HW5 Stress address 1014, Ho Chi Minh City"
"HW5 Stress User 1015","stress1015@perf.local","PerfTest123!","Keychron","1","HW5 Stress address 1015, Ho Chi Minh City"
"HW5 Stress User 1016","stress1016@perf.local","PerfTest123!","iPhone","2","HW5 Stress address 1016, Ho Chi Minh City"
"HW5 Stress User 1017","stress1017@perf.local","PerfTest123!","Samsung","1","HW5 Stress address 1017, Ho Chi Minh City"
"HW5 Stress User 1018","stress1018@perf.local","PerfTest123!","MacBook","2","HW5 Stress address 1018, Ho Chi Minh City"
"HW5 Stress User 1019","stress1019@perf.local","PerfTest123!","AirPods","1","HW5 Stress address 1019, Ho Chi Minh City"
"HW5 Stress User 1020","stress1020@perf.local","PerfTest123!","Keychron","2","HW5 Stress address 1020, Ho Chi Minh City"
"HW5 Stress User 1021","stress1021@perf.local","PerfTest123!","iPhone","1","HW5 Stress address 1021, Ho Chi Minh City"
"HW5 Stress User 1022","stress1022@perf.local","PerfTest123!","Samsung","2","HW5 Stress address 1022, Ho Chi Minh City"
"HW5 Stress User 1023","stress1023@perf.local","PerfTest123!","MacBook","1","HW5 Stress address 1023, Ho Chi Minh City"
"HW5 Stress User 1024","stress1024@perf.local","PerfTest123!","AirPods","2","HW5 Stress address 1024, Ho Chi Minh City"
"HW5 Stress User 1025","stress1025@perf.local","PerfTest123!","Keychron","1","HW5 Stress address 1025, Ho Chi Minh City"
"HW5 Stress User 1026","stress1026@perf.local","PerfTest123!","iPhone","2","HW5 Stress address 1026, Ho Chi Minh City"
"HW5 Stress User 1027","stress1027@perf.local","PerfTest123!","Samsung","1","HW5 Stress address 1027, Ho Chi Minh City"
"HW5 Stress User 1028","stress1028@perf.local","PerfTest123!","MacBook","2","HW5 Stress address 1028, Ho Chi Minh City"
"HW5 Stress User 1029","stress1029@perf.local","PerfTest123!","AirPods","1","HW5 Stress address 1029, Ho Chi Minh City"
"HW5 Stress User 1030","stress1030@perf.local","PerfTest123!","Keychron","2","HW5 Stress address 1030, Ho Chi Minh City"
"HW5 Stress User 1031","stress1031@perf.local","PerfTest123!","iPhone","1","HW5 Stress address 1031, Ho Chi Minh City"
"HW5 Stress User 1032","stress1032@perf.local","PerfTest123!","Samsung","2","HW5 Stress address 1032, Ho Chi Minh City"
"HW5 Stress User 1033","stress1033@perf.local","PerfTest123!","MacBook","1","HW5 Stress address 1033, Ho Chi Minh City"
"HW5 Stress User 1034","stress1034@perf.local","PerfTest123!","AirPods","2","HW5 Stress address 1034, Ho Chi Minh City"
"HW5 Stress User 1035","stress1035@perf.local","PerfTest123!","Keychron","1","HW5 Stress address 1035, Ho Chi Minh City"
"HW5 Stress User 1036","stress1036@perf.local","PerfTest123!","iPhone","2","HW5 Stress address 1036, Ho Chi Minh City"
"HW5 Stress User 1037","stress1037@perf.local","PerfTest123!","Samsung","1","HW5 Stress address 1037, Ho Chi Minh City"
"HW5 Stress User 1038","stress1038@perf.local","PerfTest123!","MacBook","2","HW5 Stress address 1038, Ho Chi Minh City"
"HW5 Stress User 1039","stress1039@perf.local","PerfTest123!","AirPods","1","HW5 Stress address 1039, Ho Chi Minh City"
"HW5 Stress User 1040","stress1040@perf.local","PerfTest123!","Keychron","2","HW5 Stress address 1040, Ho Chi Minh City"
"HW5 Stress User 1041","stress1041@perf.local","PerfTest123!","iPhone","1","HW5 Stress address 1041, Ho Chi Minh City"
"HW5 Stress User 1042","stress1042@perf.local","PerfTest123!","Samsung","2","HW5 Stress address 1042, Ho Chi Minh City"
"HW5 Stress User 1043","stress1043@perf.local","PerfTest123!","MacBook","1","HW5 Stress address 1043, Ho Chi Minh City"
"HW5 Stress User 1044","stress1044@perf.local","PerfTest123!","AirPods","2","HW5 Stress address 1044, Ho Chi Minh City"
"HW5 Stress User 1045","stress1045@perf.local","PerfTest123!","Keychron","1","HW5 Stress address 1045, Ho Chi Minh City"
"HW5 Stress User 1046","stress1046@perf.local","PerfTest123!","iPhone","2","HW5 Stress address 1046, Ho Chi Minh City"
"HW5 Stress User 1047","stress1047@perf.local","PerfTest123!","Samsung","1","HW5 Stress address 1047, Ho Chi Minh City"
"HW5 Stress User 1048","stress1048@perf.local","PerfTest123!","MacBook","2","HW5 Stress address 1048, Ho Chi Minh City"
"HW5 Stress User 1049","stress1049@perf.local","PerfTest123!","AirPods","1","HW5 Stress address 1049, Ho Chi Minh City"
"HW5 Stress User 1050","stress1050@perf.local","PerfTest123!","Keychron","2","HW5 Stress address 1050, Ho Chi Minh City"
"HW5 Stress User 1051","stress1051@perf.local","PerfTest123!","iPhone","1","HW5 Stress address 1051, Ho Chi Minh City"
"HW5 Stress User 1052","stress1052@perf.local","PerfTest123!","Samsung","2","HW5 Stress address 1052, Ho Chi Minh City"
"HW5 Stress User 1053","stress1053@perf.local","PerfTest123!","MacBook","1","HW5 Stress address 1053, Ho Chi Minh City"
"HW5 Stress User 1054","stress1054@perf.local","PerfTest123!","AirPods","2","HW5 Stress address 1054, Ho Chi Minh City"
"HW5 Stress User 1055","stress1055@perf.local","PerfTest123!","Keychron","1","HW5 Stress address 1055, Ho Chi Minh City"
"HW5 Stress User 1056","stress1056@perf.local","PerfTest123!","iPhone","2","HW5 Stress address 1056, Ho Chi Minh City"
"HW5 Stress User 1057","stress1057@perf.local","PerfTest123!","Samsung","1","HW5 Stress address 1057, Ho Chi Minh City"
"HW5 Stress User 1058","stress1058@perf.local","PerfTest123!","MacBook","2","HW5 Stress address 1058, Ho Chi Minh City"
"HW5 Stress User 1059","stress1059@perf.local","PerfTest123!","AirPods","1","HW5 Stress address 1059, Ho Chi Minh City"
"HW5 Stress User 1060","stress1060@perf.local","PerfTest123!","Keychron","2","HW5 Stress address 1060, Ho Chi Minh City"
"HW5 Stress User 1061","stress1061@perf.local","PerfTest123!","iPhone","1","HW5 Stress address 1061, Ho Chi Minh City"
"HW5 Stress User 1062","stress1062@perf.local","PerfTest123!","Samsung","2","HW5 Stress address 1062, Ho Chi Minh City"
"HW5 Stress User 1063","stress1063@perf.local","PerfTest123!","MacBook","1","HW5 Stress address 1063, Ho Chi Minh City"
"HW5 Stress User 1064","stress1064@perf.local","PerfTest123!","AirPods","2","HW5 Stress address 1064, Ho Chi Minh City"
"HW5 Stress User 1065","stress1065@perf.local","PerfTest123!","Keychron","1","HW5 Stress address 1065, Ho Chi Minh City"
"HW5 Stress User 1066","stress1066@perf.local","PerfTest123!","iPhone","2","HW5 Stress address 1066, Ho Chi Minh City"
"HW5 Stress User 1067","stress1067@perf.local","PerfTest123!","Samsung","1","HW5 Stress address 1067, Ho Chi Minh City"
"HW5 Stress User 1068","stress1068@perf.local","PerfTest123!","MacBook","2","HW5 Stress address 1068, Ho Chi Minh City"
"HW5 Stress User 1069","stress1069@perf.local","PerfTest123!","AirPods","1","HW5 Stress address 1069, Ho Chi Minh City"
"HW5 Stress User 1070","stress1070@perf.local","PerfTest123!","Keychron","2","HW5 Stress address 1070, Ho Chi Minh City"
"HW5 Stress User 1071","stress1071@perf.local","PerfTest123!","iPhone","1","HW5 Stress address 1071, Ho Chi Minh City"
"HW5 Stress User 1072","stress1072@perf.local","PerfTest123!","Samsung","2","HW5 Stress address 1072, Ho Chi Minh City"
"HW5 Stress User 1073","stress1073@perf.local","PerfTest123!","MacBook","1","HW5 Stress address 1073, Ho Chi Minh City"
"HW5 Stress User 1074","stress1074@perf.local","PerfTest123!","AirPods","2","HW5 Stress address 1074, Ho Chi Minh City"
"HW5 Stress User 1075","stress1075@perf.local","PerfTest123!","Keychron","1","HW5 Stress address 1075, Ho Chi Minh City"
"HW5 Stress User 1076","stress1076@perf.local","PerfTest123!","iPhone","2","HW5 Stress address 1076, Ho Chi Minh City"
"HW5 Stress User 1077","stress1077@perf.local","PerfTest123!","Samsung","1","HW5 Stress address 1077, Ho Chi Minh City"
"HW5 Stress User 1078","stress1078@perf.local","PerfTest123!","MacBook","2","HW5 Stress address 1078, Ho Chi Minh City"
"HW5 Stress User 1079","stress1079@perf.local","PerfTest123!","AirPods","1","HW5 Stress address 1079, Ho Chi Minh City"
"HW5 Stress User 1080","stress1080@perf.local","PerfTest123!","Keychron","2","HW5 Stress address 1080, Ho Chi Minh City"
"HW5 Stress User 1081","stress1081@perf.local","PerfTest123!","iPhone","1","HW5 Stress address 1081, Ho Chi Minh City"
"HW5 Stress User 1082","stress1082@perf.local","PerfTest123!","Samsung","2","HW5 Stress address 1082, Ho Chi Minh City"
"HW5 Stress User 1083","stress1083@perf.local","PerfTest123!","MacBook","1","HW5 Stress address 1083, Ho Chi Minh City"
"HW5 Stress User 1084","stress1084@perf.local","PerfTest123!","AirPods","2","HW5 Stress address 1084, Ho Chi Minh City"
"HW5 Stress User 1085","stress1085@perf.local","PerfTest123!","Keychron","1","HW5 Stress address 1085, Ho Chi Minh City"
"HW5 Stress User 1086","stress1086@perf.local","PerfTest123!","iPhone","2","HW5 Stress address 1086, Ho Chi Minh City"
"HW5 Stress User 1087","stress1087@perf.local","PerfTest123!","Samsung","1","HW5 Stress address 1087, Ho Chi Minh City"
"HW5 Stress User 1088","stress1088@perf.local","PerfTest123!","MacBook","2","HW5 Stress address 1088, Ho Chi Minh City"
"HW5 Stress User 1089","stress1089@perf.local","PerfTest123!","AirPods","1","HW5 Stress address 1089, Ho Chi Minh City"
"HW5 Stress User 1090","stress1090@perf.local","PerfTest123!","Keychron","2","HW5 Stress address 1090, Ho Chi Minh City"
"HW5 Stress User 1091","stress1091@perf.local","PerfTest123!","iPhone","1","HW5 Stress address 1091, Ho Chi Minh City"
"HW5 Stress User 1092","stress1092@perf.local","PerfTest123!","Samsung","2","HW5 Stress address 1092, Ho Chi Minh City"
"HW5 Stress User 1093","stress1093@perf.local","PerfTest123!","MacBook","1","HW5 Stress address 1093, Ho Chi Minh City"
"HW5 Stress User 1094","stress1094@perf.local","PerfTest123!","AirPods","2","HW5 Stress address 1094, Ho Chi Minh City"
"HW5 Stress User 1095","stress1095@perf.local","PerfTest123!","Keychron","1","HW5 Stress address 1095, Ho Chi Minh City"
"HW5 Stress User 1096","stress1096@perf.local","PerfTest123!","iPhone","2","HW5 Stress address 1096, Ho Chi Minh City"
"HW5 Stress User 1097","stress1097@perf.local","PerfTest123!","Samsung","1","HW5 Stress address 1097, Ho Chi Minh City"
"HW5 Stress User 1098","stress1098@perf.local","PerfTest123!","MacBook","2","HW5 Stress address 1098, Ho Chi Minh City"
"HW5 Stress User 1099","stress1099@perf.local","PerfTest123!","AirPods","1","HW5 Stress address 1099, Ho Chi Minh City"
"HW5 Stress User 1100","stress1100@perf.local","PerfTest123!","Keychron","2","HW5 Stress address 1100, Ho Chi Minh City"
"HW5 Stress User 1101","stress1101@perf.local","PerfTest123!","iPhone","1","HW5 Stress address 1101, Ho Chi Minh City"
"HW5 Stress User 1102","stress1102@perf.local","PerfTest123!","Samsung","2","HW5 Stress address 1102, Ho Chi Minh City"
"HW5 Stress User 1103","stress1103@perf.local","PerfTest123!","MacBook","1","HW5 Stress address 1103, Ho Chi Minh City"
"HW5 Stress User 1104","stress1104@perf.local","PerfTest123!","AirPods","2","HW5 Stress address 1104, Ho Chi Minh City"
"HW5 Stress User 1105","stress1105@perf.local","PerfTest123!","Keychron","1","HW5 Stress address 1105, Ho Chi Minh City"
"HW5 Stress User 1106","stress1106@perf.local","PerfTest123!","iPhone","2","HW5 Stress address 1106, Ho Chi Minh City"
"HW5 Stress User 1107","stress1107@perf.local","PerfTest123!","Samsung","1","HW5 Stress address 1107, Ho Chi Minh City"
"HW5 Stress User 1108","stress1108@perf.local","PerfTest123!","MacBook","2","HW5 Stress address 1108, Ho Chi Minh City"
"HW5 Stress User 1109","stress1109@perf.local","PerfTest123!","AirPods","1","HW5 Stress address 1109, Ho Chi Minh City"
"HW5 Stress User 1110","stress1110@perf.local","PerfTest123!","Keychron","2","HW5 Stress address 1110, Ho Chi Minh City"
"HW5 Stress User 1111","stress1111@perf.local","PerfTest123!","iPhone","1","HW5 Stress address 1111, Ho Chi Minh City"
"HW5 Stress User 1112","stress1112@perf.local","PerfTest123!","Samsung","2","HW5 Stress address 1112, Ho Chi Minh City"
"HW5 Stress User 1113","stress1113@perf.local","PerfTest123!","MacBook","1","HW5 Stress address 1113, Ho Chi Minh City"
"HW5 Stress User 1114","stress1114@perf.local","PerfTest123!","AirPods","2","HW5 Stress address 1114, Ho Chi Minh City"
"HW5 Stress User 1115","stress1115@perf.local","PerfTest123!","Keychron","1","HW5 Stress address 1115, Ho Chi Minh City"
"HW5 Stress User 1116","stress1116@perf.local","PerfTest123!","iPhone","2","HW5 Stress address 1116, Ho Chi Minh City"
"HW5 Stress User 1117","stress1117@perf.local","PerfTest123!","Samsung","1","HW5 Stress address 1117, Ho Chi Minh City"
"HW5 Stress User 1118","stress1118@perf.local","PerfTest123!","MacBook","2","HW5 Stress address 1118, Ho Chi Minh City"
"HW5 Stress User 1119","stress1119@perf.local","PerfTest123!","AirPods","1","HW5 Stress address 1119, Ho Chi Minh City"
"HW5 Stress User 1120","stress1120@perf.local","PerfTest123!","Keychron","2","HW5 Stress address 1120, Ho Chi Minh City"
"HW5 Stress User 1121","stress1121@perf.local","PerfTest123!","iPhone","1","HW5 Stress address 1121, Ho Chi Minh City"
"HW5 Stress User 1122","stress1122@perf.local","PerfTest123!","Samsung","2","HW5 Stress address 1122, Ho Chi Minh City"
"HW5 Stress User 1123","stress1123@perf.local","PerfTest123!","MacBook","1","HW5 Stress address 1123, Ho Chi Minh City"
"HW5 Stress User 1124","stress1124@perf.local","PerfTest123!","AirPods","2","HW5 Stress address 1124, Ho Chi Minh City"
"HW5 Stress User 1125","stress1125@perf.local","PerfTest123!","Keychron","1","HW5 Stress address 1125, Ho Chi Minh City"
"HW5 Stress User 1126","stress1126@perf.local","PerfTest123!","iPhone","2","HW5 Stress address 1126, Ho Chi Minh City"
"HW5 Stress User 1127","stress1127@perf.local","PerfTest123!","Samsung","1","HW5 Stress address 1127, Ho Chi Minh City"
"HW5 Stress User 1128","stress1128@perf.local","PerfTest123!","MacBook","2","HW5 Stress address 1128, Ho Chi Minh City"
"HW5 Stress User 1129","stress1129@perf.local","PerfTest123!","AirPods","1","HW5 Stress address 1129, Ho Chi Minh City"
"HW5 Stress User 1130","stress1130@perf.local","PerfTest123!","Keychron","2","HW5 Stress address 1130, Ho Chi Minh City"
"HW5 Stress User 1131","stress1131@perf.local","PerfTest123!","iPhone","1","HW5 Stress address 1131, Ho Chi Minh City"
"HW5 Stress User 1132","stress1132@perf.local","PerfTest123!","Samsung","2","HW5 Stress address 1132, Ho Chi Minh City"
"HW5 Stress User 1133","stress1133@perf.local","PerfTest123!","MacBook","1","HW5 Stress address 1133, Ho Chi Minh City"
"HW5 Stress User 1134","stress1134@perf.local","PerfTest123!","AirPods","2","HW5 Stress address 1134, Ho Chi Minh City"
"HW5 Stress User 1135","stress1135@perf.local","PerfTest123!","Keychron","1","HW5 Stress address 1135, Ho Chi Minh City"
"HW5 Stress User 1136","stress1136@perf.local","PerfTest123!","iPhone","2","HW5 Stress address 1136, Ho Chi Minh City"
"HW5 Stress User 1137","stress1137@perf.local","PerfTest123!","Samsung","1","HW5 Stress address 1137, Ho Chi Minh City"
"HW5 Stress User 1138","stress1138@perf.local","PerfTest123!","MacBook","2","HW5 Stress address 1138, Ho Chi Minh City"
"HW5 Stress User 1139","stress1139@perf.local","PerfTest123!","AirPods","1","HW5 Stress address 1139, Ho Chi Minh City"
"HW5 Stress User 1140","stress1140@perf.local","PerfTest123!","Keychron","2","HW5 Stress address 1140, Ho Chi Minh City"
"HW5 Stress User 1141","stress1141@perf.local","PerfTest123!","iPhone","1","HW5 Stress address 1141, Ho Chi Minh City"
"HW5 Stress User 1142","stress1142@perf.local","PerfTest123!","Samsung","2","HW5 Stress address 1142, Ho Chi Minh City"
"HW5 Stress User 1143","stress1143@perf.local","PerfTest123!","MacBook","1","HW5 Stress address 1143, Ho Chi Minh City"
"HW5 Stress User 1144","stress1144@perf.local","PerfTest123!","AirPods","2","HW5 Stress address 1144, Ho Chi Minh City"
"HW5 Stress User 1145","stress1145@perf.local","PerfTest123!","Keychron","1","HW5 Stress address 1145, Ho Chi Minh City"
"HW5 Stress User 1146","stress1146@perf.local","PerfTest123!","iPhone","2","HW5 Stress address 1146, Ho Chi Minh City"
"HW5 Stress User 1147","stress1147@perf.local","PerfTest123!","Samsung","1","HW5 Stress address 1147, Ho Chi Minh City"
"HW5 Stress User 1148","stress1148@perf.local","PerfTest123!","MacBook","2","HW5 Stress address 1148, Ho Chi Minh City"
"HW5 Stress User 1149","stress1149@perf.local","PerfTest123!","AirPods","1","HW5 Stress address 1149, Ho Chi Minh City"
"HW5 Stress User 1150","stress1150@perf.local","PerfTest123!","Keychron","2","HW5 Stress address 1150, Ho Chi Minh City"
"HW5 Stress User 1151","stress1151@perf.local","PerfTest123!","iPhone","1","HW5 Stress address 1151, Ho Chi Minh City"
"HW5 Stress User 1152","stress1152@perf.local","PerfTest123!","Samsung","2","HW5 Stress address 1152, Ho Chi Minh City"
"HW5 Stress User 1153","stress1153@perf.local","PerfTest123!","MacBook","1","HW5 Stress address 1153, Ho Chi Minh City"
"HW5 Stress User 1154","stress1154@perf.local","PerfTest123!","AirPods","2","HW5 Stress address 1154, Ho Chi Minh City"
"HW5 Stress User 1155","stress1155@perf.local","PerfTest123!","Keychron","1","HW5 Stress address 1155, Ho Chi Minh City"
"HW5 Stress User 1156","stress1156@perf.local","PerfTest123!","iPhone","2","HW5 Stress address 1156, Ho Chi Minh City"
"HW5 Stress User 1157","stress1157@perf.local","PerfTest123!","Samsung","1","HW5 Stress address 1157, Ho Chi Minh City"
"HW5 Stress User 1158","stress1158@perf.local","PerfTest123!","MacBook","2","HW5 Stress address 1158, Ho Chi Minh City"
"HW5 Stress User 1159","stress1159@perf.local","PerfTest123!","AirPods","1","HW5 Stress address 1159, Ho Chi Minh City"
"HW5 Stress User 1160","stress1160@perf.local","PerfTest123!","Keychron","2","HW5 Stress address 1160, Ho Chi Minh City"
"HW5 Stress User 1161","stress1161@perf.local","PerfTest123!","iPhone","1","HW5 Stress address 1161, Ho Chi Minh City"
"HW5 Stress User 1162","stress1162@perf.local","PerfTest123!","Samsung","2","HW5 Stress address 1162, Ho Chi Minh City"
"HW5 Stress User 1163","stress1163@perf.local","PerfTest123!","MacBook","1","HW5 Stress address 1163, Ho Chi Minh City"
"HW5 Stress User 1164","stress1164@perf.local","PerfTest123!","AirPods","2","HW5 Stress address 1164, Ho Chi Minh City"
"HW5 Stress User 1165","stress1165@perf.local","PerfTest123!","Keychron","1","HW5 Stress address 1165, Ho Chi Minh City"
"HW5 Stress User 1166","stress1166@perf.local","PerfTest123!","iPhone","2","HW5 Stress address 1166, Ho Chi Minh City"
"HW5 Stress User 1167","stress1167@perf.local","PerfTest123!","Samsung","1","HW5 Stress address 1167, Ho Chi Minh City"
"HW5 Stress User 1168","stress1168@perf.local","PerfTest123!","MacBook","2","HW5 Stress address 1168, Ho Chi Minh City"
"HW5 Stress User 1169","stress1169@perf.local","PerfTest123!","AirPods","1","HW5 Stress address 1169, Ho Chi Minh City"
"HW5 Stress User 1170","stress1170@perf.local","PerfTest123!","Keychron","2","HW5 Stress address 1170, Ho Chi Minh City"
"HW5 Stress User 1171","stress1171@perf.local","PerfTest123!","iPhone","1","HW5 Stress address 1171, Ho Chi Minh City"
"HW5 Stress User 1172","stress1172@perf.local","PerfTest123!","Samsung","2","HW5 Stress address 1172, Ho Chi Minh City"
"HW5 Stress User 1173","stress1173@perf.local","PerfTest123!","MacBook","1","HW5 Stress address 1173, Ho Chi Minh City"
"HW5 Stress User 1174","stress1174@perf.local","PerfTest123!","AirPods","2","HW5 Stress address 1174, Ho Chi Minh City"
"HW5 Stress User 1175","stress1175@perf.local","PerfTest123!","Keychron","1","HW5 Stress address 1175, Ho Chi Minh City"
"HW5 Stress User 1176","stress1176@perf.local","PerfTest123!","iPhone","2","HW5 Stress address 1176, Ho Chi Minh City"
"HW5 Stress User 1177","stress1177@perf.local","PerfTest123!","Samsung","1","HW5 Stress address 1177, Ho Chi Minh City"
"HW5 Stress User 1178","stress1178@perf.local","PerfTest123!","MacBook","2","HW5 Stress address 1178, Ho Chi Minh City"
"HW5 Stress User 1179","stress1179@perf.local","PerfTest123!","AirPods","1","HW5 Stress address 1179, Ho Chi Minh City"
"HW5 Stress User 1180","stress1180@perf.local","PerfTest123!","Keychron","2","HW5 Stress address 1180, Ho Chi Minh City"
"HW5 Stress User 1181","stress1181@perf.local","PerfTest123!","iPhone","1","HW5 Stress address 1181, Ho Chi Minh City"
"HW5 Stress User 1182","stress1182@perf.local","PerfTest123!","Samsung","2","HW5 Stress address 1182, Ho Chi Minh City"
"HW5 Stress User 1183","stress1183@perf.local","PerfTest123!","MacBook","1","HW5 Stress address 1183, Ho Chi Minh City"
"HW5 Stress User 1184","stress1184@perf.local","PerfTest123!","AirPods","2","HW5 Stress address 1184, Ho Chi Minh City"
"HW5 Stress User 1185","stress1185@perf.local","PerfTest123!","Keychron","1","HW5 Stress address 1185, Ho Chi Minh City"
"HW5 Stress User 1186","stress1186@perf.local","PerfTest123!","iPhone","2","HW5 Stress address 1186, Ho Chi Minh City"
"HW5 Stress User 1187","stress1187@perf.local","PerfTest123!","Samsung","1","HW5 Stress address 1187, Ho Chi Minh City"
"HW5 Stress User 1188","stress1188@perf.local","PerfTest123!","MacBook","2","HW5 Stress address 1188, Ho Chi Minh City"
"HW5 Stress User 1189","stress1189@perf.local","PerfTest123!","AirPods","1","HW5 Stress address 1189, Ho Chi Minh City"
"HW5 Stress User 1190","stress1190@perf.local","PerfTest123!","Keychron","2","HW5 Stress address 1190, Ho Chi Minh City"
"HW5 Stress User 1191","stress1191@perf.local","PerfTest123!","iPhone","1","HW5 Stress address 1191, Ho Chi Minh City"
"HW5 Stress User 1192","stress1192@perf.local","PerfTest123!","Samsung","2","HW5 Stress address 1192, Ho Chi Minh City"
"HW5 Stress User 1193","stress1193@perf.local","PerfTest123!","MacBook","1","HW5 Stress address 1193, Ho Chi Minh City"
"HW5 Stress User 1194","stress1194@perf.local","PerfTest123!","AirPods","2","HW5 Stress address 1194, Ho Chi Minh City"
"HW5 Stress User 1195","stress1195@perf.local","PerfTest123!","Keychron","1","HW5 Stress address 1195, Ho Chi Minh City"
"HW5 Stress User 1196","stress1196@perf.local","PerfTest123!","iPhone","2","HW5 Stress address 1196, Ho Chi Minh City"
"HW5 Stress User 1197","stress1197@perf.local","PerfTest123!","Samsung","1","HW5 Stress address 1197, Ho Chi Minh City"
"HW5 Stress User 1198","stress1198@perf.local","PerfTest123!","MacBook","2","HW5 Stress address 1198, Ho Chi Minh City"
"HW5 Stress User 1199","stress1199@perf.local","PerfTest123!","AirPods","1","HW5 Stress address 1199, Ho Chi Minh City"
"HW5 Stress User 1200","stress1200@perf.local","PerfTest123!","Keychron","2","HW5 Stress address 1200, Ho Chi Minh City"
